,GBP,avgLoss,bandwidth,delay,loss_at_ng0,ng0,p1,p2,p3,r0,r1,r2,r3,s1,s2,s3
0,0.1378,95.6131,0.0094,31.7178,94.81,-14.0215,-0.190081,1.0872693134519125,-0.011556,0.274766,0.275908,0.225857,0.264693,-0.341112,0.16965834958607318,0.394158
1,0.0,100000.0,0.0,0.0,100000.0,0.0,-0.10445056674999999,0.364414,-0.09644,0.314729,0.24976939680000002,0.334532,0.351805,0.27464652600000006,0.322532,-0.169501
2,0.0,100000.0,0.0,0.0,100000.0,0.0,-0.262981,0.41255991000000003,-0.0159768,0.289306,0.223037,0.341451,0.341561,-0.237162,-0.39546387000000005,-0.44795789999999996
3,0.0,100000.0,0.0,0.0,100000.0,0.0,0.158074,0.028458,-0.186803,0.355576,0.258886,0.3045312,0.226915,0.113054,-0.232055,0.061074
4,0.0,100000.0,0.0,0.0,100000.0,0.0,0.281131,0.427641,0.219098,0.304265,0.266868,0.216176,0.388745,-0.294587,-0.329213,-0.237879
5,0.0983,124.1681,0.006,27.8427,130.7471,15.9211,-0.481413,-0.283336,-0.239644,0.302062,0.238784,0.29576745,0.256079,0.37087,-0.391191,0.482454
6,0.0,100000.0,0.0,0.0,100000.0,0.0,0.201309,0.421585,0.049582,0.265894,0.335868,0.217636,0.391596,0.490509,0.018071,-0.344542
7,0.1,392.5529,0.0044,18.1794,328.8399,-22.9343,-0.0784292355,0.14935,0.262816,0.270087,0.21422386710000005,0.3135,0.270333,0.13512045800000003,0.430037,-0.293729
8,0.0461,194.1563,0.0037,11.9146,207.968,-12.4335,0.7367065628474283,0.040712,0.455736,0.200817,0.21112893000000005,0.344729,0.25413,-0.9616718170638706,0.414501,-0.046947
9,0.0426,2792.3795,0.0014,3.5252,2317.2845,-29.5067,0.405411,0.458768,0.453959,0.266886,0.316652,0.293514,0.396165,0.113869,-0.1811,-0.334311
10,0.0845,2181.6255,0.0016,5.6617,2958.3347,-55.2474,-0.43888574999999996,-0.02693,0.131867,0.384044,0.362348,0.355875,0.301713,-0.27286560000000004,-0.359208,-0.207771
11,0.0437,155.8419,0.0011,58.1963,205.4481,40.8689,0.416638,-0.20917417571915797,-0.471268,0.394844,0.211723,0.21300214329000006,0.30445,0.481941,-0.061949392685215425,0.21711
12,0.0,100000.0,0.0,0.0,100000.0,0.0,-0.371252,-0.324992,-0.122092,0.393285,0.385383,0.2366906994,0.296761,-0.101519,-0.245769,0.045414
13,0.1781,87.4591,0.0153,27.5254,80.1962,11.6223,0.334485,0.001163,0.02207,0.262869,0.331954,0.222716,0.379105,0.215513,0.362921,0.442888
14,0.1863,29.9456,0.013,129.283,25.01,-14.7001,-0.2058612,0.03911515705728967,0.380266,0.343528,0.22240186200000003,0.22346847,0.284904,-0.4151709,-0.034169994367745864,0.184764
15,0.0424,26.891,0.0026,104.6433,19.7792,15.743,-0.419858,-0.406267,-0.196016436,0.385196,0.390757,0.239766,0.241291,0.09043,-0.005341,-0.18160848000000002
16,0.0475,91.0499,0.0038,27.9513,84.5422,-12.0892,-0.034232,-0.117241,0.238691,0.289077,0.243001,0.365236,0.224964,-0.135406,0.188445,-0.122042
17,0.0,100000.0,0.0,0.0,100000.0,0.0,-0.467542,-0.246959,-0.400185,0.372699,0.202316,0.2605176,0.218526,0.226398,0.004085,0.470383
18,0.0,100000.0,0.0,0.0,100000.0,0.0,-0.005708,-0.462046,0.423383,0.311704,0.260742,0.230308,0.329552,0.044141,-0.113481,-0.491612
19,0.0,100000.0,0.0,0.0,100000.0,0.0,-0.11568980131206663,0.422912,0.374938,0.268509,0.20701699569900006,0.373782,0.304279,-1.052339233751701,0.366473,0.301533
20,0.0455,3962.6994,0.0008,4.7039,3808.7508,-58.7482,0.119088,1.4086117043494673,0.031243,0.280637,0.29456,0.22104,0.371789,0.446453,-0.00020171876161450948,0.401231
21,0.0,100000.0,0.0,0.0,100000.0,0.0,-0.020898,-0.44664905499999996,-0.08966295,0.263486,0.24283,0.31993461000000006,0.3418776,0.291705,-0.38540934000000004,-0.35701884
22,0.0,100000.0,0.0,0.0,100000.0,0.0,-0.294596,0.123747,0.004353,0.276473,0.240235,0.243739,0.273457,0.084716,-0.358332,0.071874
23,0.0,100000.0,0.0,0.0,100000.0,0.0,0.5765597617500001,-0.17604234900000004,-0.43866,0.297861,0.24244717500000004,0.21150072,0.36637,0.024976215000000006,0.17555224500000005,0.361287
24,0.0,100000.0,0.0,0.0,100000.0,0.0,0.29761,-0.363156,0.312886,0.39359,0.312802,0.234316,0.210842,0.403874,-0.002983,0.098045
25,0.0954,90.7372,0.0059,45.4423,82.0252,16.1822,0.347801,-0.225181,-0.018829,0.326415,0.204833,0.318056,0.274453,-0.245443,-0.251052,-0.158109
26,0.0,100000.0,0.0,0.0,100000.0,0.0,-0.196909,-0.360314,-0.074632,0.22003,0.357115,0.274507866,0.204153,0.170912,-0.171212,0.129227
27,0.0,100000.0,0.0,0.0,100000.0,0.0,0.250607,-7.003648792632482e-19,0.479251,0.274305,0.310808,0.20745094680000004,0.334339,-0.27901,-7.453247581902416e-38,0.296249
28,0.1426,65.6935,0.0122,45.7035,48.866,-11.7,0.114333,0.454721,-0.26786463480000006,0.245041,0.2544381,0.375763,0.2992014,-0.069752,-0.009257,-0.20404972440000005
29,0.0,100000.0,0.0,0.0,100000.0,0.0,-0.009227,-0.285441,-0.109447,0.387728,0.300702,0.214653,0.281344,-0.050449,0.185087,0.124349
30,0.0464,72.6045,0.0043,25.9049,72.3522,-10.6228,0.21739099835797093,-0.427348,0.280379,0.224509,0.22927560300000002,0.241241,0.337344,-0.9497150519372515,0.383599,0.154995
31,0.0,100000.0,0.0,0.0,100000.0,0.0,-0.326131,-0.265534,-0.38314215,0.233727,0.2124,0.294977,0.23200155270000003,0.370137,-0.221981,-0.22435137
32,0.0996,660.642,0.0035,10.4857,765.1595,29.0697,0.202704,-0.436167,-0.3755223,0.246778,0.259321,0.296522,0.2303748,0.404882,-0.147299,-0.2055447
33,0.0,100000.0,0.0,0.0,100000.0,0.0,0.476389,0.237497,0.092965,0.381323,0.381749,0.229354,0.219865,0.0985,-0.322641,0.044935
34,0.1741,829.1043,0.0154,4.2382,500.5189,-11.3638,-0.23754845000000002,0.462067,-0.080155737,0.35531,0.392021,0.361503,0.30554820000000005,0.42583200000000004,0.248484,-0.252412605
35,0.1443,118.8273,0.0064,32.5419,186.8016,-23.2367,-0.140649,-0.483899,0.258069,0.222545,0.311212,0.221753,0.291002,-0.066095,-0.021668,0.025118
36,0.0457,52.2616,0.0038,54.6328,46.4774,12.6176,-0.069944,-0.218895,-0.263841,0.295029,0.231897,0.28523790000000004,0.330243,0.072725,-0.023606,0.374078
37,0.0,100000.0,0.0,0.0,100000.0,0.0,0.39721862250000006,-0.299837,0.030487,0.335639,0.2289789,0.39421,0.243588,0.5313884400000001,0.477725,-0.446937
38,0.0,100000.0,0.0,0.0,100000.0,0.0,-0.434491,0.3514676838750001,0.178673,0.218051,0.23981,0.21386721114000004,0.258895,0.301629,-0.11376628200000001,0.355614
39,0.0,100000.0,0.0,0.0,100000.0,0.0,0.047602,0.085109,-0.051577,0.357486,0.35038,0.232573,0.256364,0.180982,0.078977,0.065714
40,0.0,100000.0,0.0,0.0,100000.0,0.0,0.8368537292718516,-0.159002,-0.1060956,0.201542,0.21835737000000002,0.355561,0.36004,-1.2145956652309753,0.126427,-0.3958641
41,0.0,100000.0,0.0,0.0,100000.0,0.0,-0.3281479970971569,0.488781,0.128876,0.218652,0.22204027800000004,0.275399,0.221243,-0.9586908645160005,0.41542,0.211649
42,0.0462,92.7596,0.0024,55.4644,88.992,-19.8077,0.067435,0.04733565,0.164056,0.31634,0.261967,0.23047407900000003,0.249146,-0.422516,-0.2387268,0.384538
43,0.0917,174.8375,0.0061,22.2741,156.0959,-15.4307,0.21681042862500002,-0.0039751385773480466,0.353046,0.271789,0.27437211,0.229572,0.37676,-0.35141445,-0.030752675865198975,0.060365
44,0.1869,1194.0863,0.0068,6.6261,1102.2113,26.9102,0.03425,-0.025324,0.276024,0.245505,0.358628,0.389107,0.243153,0.330152,0.268468,-0.162722
45,0.0474,14032.2199,0.0007,1.7326,12357.3479,-69.2311,0.250023,0.136045,0.030717,0.239432,0.350471,0.392245,0.324114,0.213686,0.283667,-0.457417
46,0.0447,4956.3913,0.0008,3.1984,5191.722,-54.8152,0.01692912939461273,0.188974,0.319521,0.275705,0.22829760000000002,0.373055,0.294164,-1.1170800765589417,0.091228,0.252283
47,0.0,100000.0,0.0,0.0,100000.0,0.0,-0.252903,-0.311731,0.137485,0.371146,0.345264,0.289949,0.266579,-0.146503,0.160528,-0.179427
48,0.1254,146.2915,0.0127,10.5562,160.6286,10.0869,0.5683440583626932,-0.285214,-0.273371,0.339946,0.21312673668000007,0.390885,0.378736,0.3381114483742719,0.340036,0.332205
49,0.1814,58.6697,0.012,55.2709,62.4063,-15.3478,-0.1898518693696756,0.090121,0.092098,0.347141,0.22534869870000004,0.396106,0.318696,-1.0201637504363557,0.282876,-0.091565
50,0.0,100000.0,0.0,0.0,100000.0,0.0,0.44176599614980294,-0.2986,-0.055189,0.388943,0.22320846,0.243309,0.337025,-0.1414557050426091,-0.005825,0.0689
51,0.0514,1239.2181,0.0009,13.8135,1244.8254,-56.5862,-0.13326468553953477,0.468802,-0.124018,0.203954,0.212021,0.264377,0.225043,-1.2372877263817348,0.106863,-0.28831
52,0.1356,45.0005,0.0127,41.9654,46.3003,-10.829,-0.019307101275000002,-0.474594,-0.3228984,0.313376,0.21769660440000002,0.391234,0.226342,-0.2367418752,-0.204318,-0.17756550000000001
53,0.0522,12566.3798,0.0004,3.843,11751.13,-140.4792,-0.372779,0.5346016651801404,-0.452866,0.280624,0.268559,0.23177618235000003,0.308548,0.43229,-0.048413226566907,0.080661
54,0.0908,302.6227,0.0091,4.8677,361.0669,10.2727,0.485886,-0.32312,0.244461,0.348864,0.391512,0.267228,0.356229,0.369506,-0.260301,-0.455725
55,0.0499,748.7975,0.0021,9.6255,669.615,24.3361,-0.114873,-0.18279577949999998,0.385757,0.266543,0.301932,0.222789,0.22162,0.381303,-0.30166238700000003,-0.142224
56,0.0894,8.1973,0.0078,213.0897,9.6842,11.1908,0.8715604446253515,-0.304924,0.01597,0.379241,0.22387954500000004,0.22483440000000002,0.23258,-0.9088765673141174,0.126495,0.42733
57,0.0,100000.0,0.0,0.0,100000.0,0.0,-0.074233,-0.328229,-0.068832,0.252857,0.326591,0.376307,0.284699,0.097501,-0.431483,-0.392925
58,0.134,61.546,0.0117,36.7263,59.7589,-11.5842,0.49268,-2.1319659678833066e-19,0.216903,0.302571,0.318953,0.2071008,0.377989,-0.056736,-1.400318349152191e-38,0.230424
59,0.0,100000.0,0.0,0.0,100000.0,0.0,0.489267,0.396503,-0.179153,0.254962,0.203385,0.22195,0.20101,0.29999,0.041163,0.101662
60,0.1318,90.6019,0.0103,29.2356,90.6979,-12.9548,0.387053,0.402946,0.33957,0.345641,0.21238,0.343204,0.387545,0.10524,-0.072796,-0.494681
61,0.0,100000.0,0.0,0.0,100000.0,0.0,-0.075568,0.146638,0.278491,0.381151,0.312947,0.328766,0.263982,0.445487,0.258046,-0.487665
62,0.047,24.7312,0.0027,181.8232,22.7709,-17.4208,-0.088457,-0.209321,0.074898,0.331175,0.225502,0.234295,0.282941,-0.429517,0.013782,-0.266335
63,0.0446,5966.9163,0.0008,2.9475,5679.2374,-55.2186,0.189376,0.095234,0.407749,0.355302,0.370413,0.214122,0.30142,0.210024,0.223888,-0.233866
64,0.0,100000.0,0.0,0.0,100000.0,0.0,0.070969,-0.12574232023297627,0.050809,0.366347,0.204178,0.214404003,0.252423,-0.120746,-0.08064118736486099,0.415697
65,0.0,100000.0,0.0,0.0,100000.0,0.0,0.8025417032184812,-0.21108,0.43675,0.385723,0.24605193420000004,0.260157,0.36047,-0.9564275740491085,0.333602,-0.209587
66,0.0,100000.0,0.0,0.0,100000.0,0.0,-0.3420342,0.7998432416927538,-0.437796,0.234257,0.21682079999999998,0.21565845000000003,0.257528,-0.39853170000000004,-0.002441299751180966,0.433013
67,0.047,338.286,0.0024,14.7192,342.0058,-20.1022,-0.125981,-0.073845,-0.170916,0.287888,0.25419,0.204109,0.380607,0.464698,0.072954,0.09475
68,0.0841,132.1298,0.0067,19.5946,129.1624,12.5927,0.286047,-0.03553,-0.052838,0.399114,0.246815,0.248543,0.224617,0.19975,0.001522,0.283434
69,0.1325,182.471,0.0075,22.2162,195.0537,-18.0,-0.22739957372700773,0.199382,0.366419,0.367443,0.22256937000000002,0.236918,0.36851,-0.8744010550726005,0.358304,-0.041357
70,0.0,100000.0,0.0,0.0,100000.0,0.0,-0.325702,0.6300580901146877,-0.084243,0.246878,0.26981010000000005,0.265881609,0.359942,-0.270545,-0.16959404241000003,-0.192187
71,0.0,100000.0,0.0,0.0,100000.0,0.0,-0.232224,0.357048,0.071763,0.317793,0.370644,0.357053,0.247038,0.485171,-0.0136,-0.188018
72,0.0,100000.0,0.0,0.0,100000.0,0.0,-0.461714,1.486635806550075,0.085674,0.341158,0.254985,0.22007759130000001,0.343749,0.372317,-0.00203600494080036,0.485107
73,0.0986,131.6678,0.0043,51.7039,116.0268,-22.9971,0.059375,0.019731357499999998,0.183887,0.269113,0.259168,0.3027051,0.341821,0.384246,-0.33891696000000004,-0.174542
74,0.0457,2711.5599,0.0004,11.7615,3130.6915,115.4646,0.060538,0.006417,-0.059898690000000004,0.362102,0.214918,0.351407,0.26309245500000006,0.465624,-0.27898,-0.36728721
75,0.1875,5355.768,0.0025,5.9996,3981.4771,76.6613,0.180851,-0.163395181270125,-0.249704,0.321592,0.2907495,0.22887829800000006,0.356786,-0.397466,-0.22250052923400002,0.166696
76,0.0,100000.0,0.0,0.0,100000.0,0.0,-0.18914647232396195,-0.123652,-0.18845370252000004,0.365559,0.22170428999999997,0.317859,0.22759256069999997,-0.6362707485282503,0.203106,-0.23724352926000006
77,0.0963,20.7457,0.0077,163.2015,15.0662,-12.3765,-0.488645,0.01062575,0.427878,0.2498,0.274,0.2293994601,0.277926,-0.063947,-0.1609884,0.000818
78,0.0492,1236.4285,0.0017,7.0924,1091.2442,-28.2185,0.082095,-7.418244822505282e-19,0.443302,0.218619,0.352647,0.22413524175000005,0.322514,-0.222986,-1.433933274451594e-38,0.442903
79,0.0457,57977.3165,0.0002,1.2386,61230.1667,232.5178,0.190515,0.22803891579693994,-0.264863,0.289575,0.220246,0.23303214,0.375772,-0.169642,0.3509171804996002,0.358617
80,0.0,100000.0,0.0,0.0,100000.0,0.0,0.412763,0.054106,-0.252773,0.293461,0.21818,0.249638,0.262916,0.255815,0.146556,-0.180192
81,0.0,100000.0,0.0,0.0,100000.0,0.0,-0.351738,0.157469,0.412576,0.295787,0.26805,0.246774,0.259647,0.084513,-0.06838,0.006812
82,0.0,100000.0,0.0,0.0,100000.0,0.0,0.237996,0.219037,0.242062,0.385736,0.351769,0.302293,0.21842,0.036688,-0.209044,0.095028
83,0.0,100000.0,0.0,0.0,100000.0,0.0,-0.122453,0.017955,-0.227669,0.320831,0.349,0.225347,0.220986,-0.294979,-0.131128,0.214845
84,0.0,100000.0,0.0,0.0,100000.0,0.0,-0.154127,-0.028287,-0.331972,0.2145,0.337698,0.296482,0.326485,0.172325,0.0025,0.054285
85,0.0,100000.0,0.0,0.0,100000.0,0.0,0.251367,-0.249493,0.44355,0.398461,0.322329,0.201721,0.343637,0.399694,0.281359,0.02289
86,0.0,100000.0,0.0,0.0,100000.0,0.0,1.1917122138198453,0.216508,-0.30613,0.235918,0.200591,0.362586,0.369973,-0.9250238427823273,0.454238,0.204227
87,0.142,99.7649,0.0073,38.1533,135.1799,20.4727,0.402257,0.343874,-0.160562,0.256984,0.247766,0.23517090000000002,0.322627,0.018863,0.297631,0.37226
88,0.0,100000.0,0.0,0.0,100000.0,0.0,-0.027621,0.305575,-0.289599,0.217447,0.329061,0.202072,0.244223,0.397683,-0.107518,-0.297478
89,0.0,100000.0,0.0,0.0,100000.0,0.0,0.06105755250000001,-0.484649,-0.349975,0.346423,0.2980566,0.256233,0.329139,0.39219972000000003,0.440627,0.338947
90,0.1512,248.5768,0.0085,19.3863,225.27,-18.1014,0.166251,-0.248132,0.063471,0.265898,0.209628,0.241747,0.333556,0.480138,-0.021424,0.051094
91,0.0,100000.0,0.0,0.0,100000.0,0.0,0.42177,0.356726,0.223401,0.28101,0.262517,0.391532,0.205301,0.374531,0.116297,-0.312275
92,0.0,100000.0,0.0,0.0,100000.0,0.0,0.42182922905697584,-0.383713,0.223521,0.277149,0.21255081210000004,0.224603,0.302658,0.18332437361912296,0.352928,-0.145649
93,0.0441,921.3704,0.0026,5.896,673.54,-16.9135,0.07553881646156248,0.46414,-0.001994544,0.389726,0.22505031900000005,0.362598,0.29805894000000005,-0.26623304532000003,-0.192852,-0.328730157
94,0.0489,20.3201,0.0039,135.0177,17.5972,-12.1278,-0.32647914554381685,-0.145002,-0.31942980000000004,0.242317,0.2527434981,0.208887,0.22844520000000001,-0.7296347591478004,0.268982,-0.2781261
95,0.0965,58.6627,0.0088,37.7427,49.6146,-10.6178,-0.05014131793019713,0.29466,-0.004236,0.204742,0.2224421757,0.284335,0.361505,-0.9606648120241036,0.235396,0.050899
96,0.0468,2202.7509,0.0013,4.9431,2073.494,35.7484,-0.359468,-0.124864,-0.25569,0.220727,0.379631,0.260872,0.254948,0.287488,0.422736,0.36613
97,0.0497,780.5887,0.002,9.2625,728.4102,-25.2407,-0.03835,1.3753269065678673,0.150324,0.21257,0.34914,0.22470801705000004,0.248736,-0.441893,-0.02701375107344729,0.411358
98,0.0,100000.0,0.0,0.0,100000.0,0.0,0.428017,0.345927,0.294834,0.331899,0.204798,0.281959,0.209388,-0.465675,0.021606,-0.049106
99,0.0511,53.5678,0.0046,31.2988,61.2405,10.7503,0.022145,-0.075854,-0.264531501,0.366424,0.344083,0.207117,0.26924939999999997,-0.126584,-0.35199,-0.090812259
100,0.0,100000.0,0.0,0.0,100000.0,0.0,0.001275,0.404418,-0.071130717,0.383821,0.250718,0.296188,0.285282,0.351709,-0.020793,-0.25834229100000006
101,0.186,124.5646,0.0136,29.8174,102.9326,-14.2075,-0.26164406084652553,0.139762,0.177134,0.302173,0.203004,0.335151,0.214082,-0.9230431698774142,0.381817,0.002593
102,0.0,100000.0,0.0,0.0,100000.0,0.0,-0.45751,-0.446373,-0.000454,0.225229,0.229889,0.395599,0.388507,-0.308675,0.050118,-0.36407
103,0.0,100000.0,0.0,0.0,100000.0,0.0,0.328919,0.378701,0.268567,0.245159,0.211601,0.211191,0.253225,-0.419245,0.126082,-0.133558
104,0.0516,893139.6891,0.0,0.3575,957655.9924,1032.2122,0.282742,0.272508,-0.103967793,0.374428,0.274995,0.381915,0.26834328,0.420973,-0.235139,-0.25637836500000005
105,0.0,100000.0,0.0,0.0,100000.0,0.0,-0.211052,-0.450544,-0.236614,0.209387,0.244711,0.253541,0.268753,0.267465,0.07692,0.103978
106,0.0,100000.0,0.0,0.0,100000.0,0.0,-0.185878,1.2899944955135252,-0.06586,0.249563,0.21242,0.21254651100000002,0.398216,0.206769,-0.022878432526476096,0.336661
107,0.0886,42.8627,0.0067,63.6589,41.6304,-12.9504,0.20880537627450377,0.420021,0.41553,0.342798,0.22012317000000003,0.340492,0.319083,-0.8467365635725019,0.358764,0.287051
108,0.0,100000.0,0.0,0.0,100000.0,0.0,0.493035,0.085121,-0.32738823,0.396307,0.289835,0.320122,0.21832456500000003,0.341001,0.317624,-0.08599364999999999
109,0.0998,670.8603,0.0057,8.0969,528.6941,-17.8424,-0.179588,0.7013934255821608,-0.365622,0.288485,0.223331,0.2142351,0.396388,0.295573,-0.010149960999222548,0.073018
110,0.0,100000.0,0.0,0.0,100000.0,0.0,0.419035,0.7440831187092458,-0.488235,0.274911,0.265606,0.20749759551000005,0.385468,0.270582,-0.058214537843575116,0.160055
111,0.0,100000.0,0.0,0.0,100000.0,0.0,0.252016,2.831265391929945e-19,0.366882,0.214397,0.227799,0.21384989999999998,0.341342,0.299983,-1.0262128555315269e-37,0.212823
112,0.0841,320.0328,0.0068,8.1209,300.9603,12.3322,0.081634,0.443937,0.356956,0.389055,0.316946,0.3029,0.339634,0.274838,0.056059,-0.271906
113,0.0,100000.0,0.0,0.0,100000.0,0.0,-0.18409,1.0176923539393283,0.005918,0.316071,0.397472,0.21581460000000002,0.336058,0.215283,-0.044472352419702134,0.069346
114,0.0492,3177.6209,0.0015,3.2636,2845.2194,-32.857,-0.313752,0.755350853439773,-0.475287,0.209791,0.295315,0.21941132175,0.278028,0.103588,-0.022457541498584768,0.374643
115,0.0,100000.0,0.0,0.0,100000.0,0.0,-0.06044185,0.431102,-0.1071594,0.324557,0.371883,0.370355,0.362516,0.23073490000000002,0.112835,-0.1929105
116,0.0432,176.0726,0.0033,15.5575,171.1432,-12.9877,-0.461175,0.05071385,0.308002,0.341168,0.397928,0.24824070000000004,0.341952,-0.08347,-0.2803653,-0.113634
117,0.0,100000.0,0.0,0.0,100000.0,0.0,-0.402224,0.5365635975,-0.219714768,0.381005,0.307487,0.22731273000000002,0.22058082000000004,0.048395,-0.32058747000000004,-0.1921336362
118,0.137,786.2969,0.0054,7.9621,866.6365,25.7006,-0.49067,1.2125487273329034,0.19949,0.308154,0.349442,0.21342729609,0.268924,0.007605,-0.021371176985397543,0.172173
119,0.0503,643.9043,0.0013,18.4183,570.7666,-36.5376,0.315915,-0.17039,-0.2223168606,0.302068,0.286369,0.230819,0.218512,0.294849,0.149753,-0.3049441263
120,0.2604,309.8599,0.0183,7.3158,408.277,13.9607,-0.106138,0.238183,0.352535,0.287177,0.266438,0.293338,0.284667,0.256627,0.192067,0.099142
121,0.0493,2086.221,0.0013,5.3676,2020.9687,-37.5431,0.412624,-0.23050623739503528,0.090782,0.30682,0.250314,0.213049521,0.25076,0.406998,-0.022174170530315496,0.265259
122,0.0,100000.0,0.0,0.0,100000.0,0.0,-0.417062,-0.04399,0.486388,0.263509,0.36479,0.337282,0.201133,0.43921,0.362298,-0.338444
123,0.0,100000.0,0.0,0.0,100000.0,0.0,0.284706,-0.217292,-0.18491012100000004,0.388289,0.234373,0.276228,0.20875644000000002,-0.185232,-0.43152,-0.23725523700000004
124,0.0447,121.6041,0.0017,60.8538,116.4518,-26.2596,0.187088,0.369176,-0.21543480900000003,0.363789,0.382059,0.207928,0.220638411,0.453387,-0.2647,-0.21796225199999997
125,0.1735,76.4055,0.0168,22.3492,82.4906,10.5308,-0.44033354999999996,-0.23297160701253972,0.137547,0.376384,0.390935,0.24546472470000003,0.316977,-0.2972655,-0.16224069996450002,-0.050802
126,0.0,100000.0,0.0,0.0,100000.0,0.0,-0.1593042658388416,0.6715980563505317,-0.18265,0.397826,0.22142607363000003,0.221228,0.360142,0.26277180117621324,0.4264134040292504,0.430856
127,0.046,108.704,0.0043,16.5415,124.7379,11.19,0.12641651424999997,0.6902981395475487,-0.191405,0.345924,0.22706892000000004,0.3106413,0.2923,0.36986759700000005,0.42598760934290025,0.442029
128,0.0874,522.9217,0.0064,5.9899,485.7637,13.7291,0.5366112806250001,-0.0855074825413594,-0.151527,0.276241,0.3289293,0.31135995,0.360595,-0.23611289400000005,-0.26506735901100004,-0.009776
129,0.1003,541.9092,0.0094,4.312,416.0698,10.3822,0.287322,1.4545139469249875,0.257457,0.233802,0.290379,0.20984702400000005,0.226905,0.167807,-0.02342687787315317,0.459326
130,0.0,100000.0,0.0,0.0,100000.0,0.0,0.046681,0.202634,0.06829,0.30069,0.344424,0.348353,0.255928,0.438496,0.084065,-0.313964
131,0.0,100000.0,0.0,0.0,100000.0,0.0,-0.11574152259946609,0.044557,-0.0656685,0.358862,0.226032,0.331618,0.358132,-0.8118201684820817,0.262955,-0.18931230000000002
132,0.0969,2328.4723,0.002,5.8466,2467.331,48.2768,0.080668,0.45996,0.3219,0.304012,0.254,0.334966,0.281276,0.459027,-0.060744,-0.101694
133,0.0507,18584.5114,0.0005,1.7123,18268.2914,-98.8409,-0.13165874079160114,0.2933784,-0.38324,0.327388,0.206243,0.38191,0.220109,0.2090422604254048,0.27168680000000006,0.255488
134,0.0473,106.329,0.0035,25.4721,106.324,-13.1249,0.485051,0.346083,-0.05593,0.241126,0.31626810000000005,0.205701,0.201343,-0.383915,0.0048,0.053721
135,0.0445,753.1009,0.0017,10.872,661.3508,-26.5706,0.205342,0.04395,0.25248,0.374043,0.352016,0.296993,0.374492,0.016053,0.073971,-0.488779
136,0.0,100000.0,0.0,0.0,100000.0,0.0,-0.244103,0.7795942700032608,-0.393247,0.217421,0.353264,0.21320042400000003,0.359062,0.374044,-0.00033259942794816165,0.193563
137,0.085,16.8726,0.0088,101.324,16.5348,10.0261,-0.290799,-0.03495052880814011,0.36876,0.298403,0.344857,0.21436558470000006,0.290436,0.073708,-0.004498557284526473,0.178898
138,0.0417,24678.528,0.0004,1.3641,20909.0696,-90.5686,0.07045,0.085282,0.443064,0.276545,0.354662,0.320056,0.378467,0.370066,-0.001299,-0.105418
139,0.0,100000.0,0.0,0.0,100000.0,0.0,-0.232042,-0.08514880501369373,0.339218,0.29603,0.27841,0.20783653677000002,0.321733,0.324394,0.2585751139580435,0.383357
140,0.0456,373.7122,0.0035,6.359,427.55,13.1564,-0.022222,0.10063,0.475513,0.233982,0.272562,0.28013,0.286943,-0.111812,-0.358534,-0.318138
141,0.0,100000.0,0.0,0.0,100000.0,0.0,-0.2222165476941986,0.027183,0.02109,0.266575,0.20763187293600005,0.30571,0.36179,-1.0100862255344205,0.118134,-0.462313
142,0.0,100000.0,0.0,0.0,100000.0,0.0,-0.411746,-0.232369,0.420471,0.29533,0.262631,0.387384,0.215495,0.469469,0.119206,-0.4069
143,0.0,100000.0,0.0,0.0,100000.0,0.0,0.109181,0.394082,0.374591,0.368039,0.22768694999999997,0.298288,0.223135,0.262071,0.477538,0.479858
144,0.1802,27.9864,0.0169,61.9579,29.0303,-10.396,0.029957951563837036,0.205422,-0.085788,0.272748,0.20928496500000002,0.387371,0.355419,-0.8310278862403445,0.338854,-0.113509
145,0.0,100000.0,0.0,0.0,100000.0,0.0,-0.467051,0.107588,0.179213,0.396158,0.269793,0.334868,0.206807,0.103137,0.082845,0.220475
146,0.0,100000.0,0.0,0.0,100000.0,0.0,0.177082,-0.218721,-0.305613,0.24156,0.21237,0.201404,0.362377,-0.179192,-0.454184,-0.097467
147,0.1407,1692.7255,0.0067,2.4835,2288.7937,22.0524,-0.160741,-0.039652,-0.121415,0.28678,0.304,0.279054,0.258337,-0.12482,-0.354917,0.478882
148,0.047,77.0646,0.0031,42.4183,84.1535,-15.7089,0.6792274147772824,-0.115777,-0.19988,0.328871,0.21174315300000002,0.301942,0.281237,-1.2338717667836605,0.123336,0.426509
149,0.0,100000.0,0.0,0.0,100000.0,0.0,0.158574,0.145836495,-0.3462138,0.210061,0.399451,0.21317053500000002,0.3249666,-0.292709,-0.28374786,-0.1788822
150,0.0958,100.7577,0.007,29.4556,98.2305,-13.6803,0.001738,0.184481,-0.21896156519999999,0.288444,0.21986316000000003,0.295687,0.263506527,-0.303679,0.045432,-0.24438872070000006
151,0.1471,19.1656,0.0116,142.8805,17.9913,-12.7118,-0.191883,-0.295813,0.201136,0.239378,0.20487,0.280354,0.238244,0.459939,-0.306129,-0.471276
152,0.0,100000.0,0.0,0.0,100000.0,0.0,-0.24661067440765866,0.065815,0.314814,0.395795,0.212206797,0.232975,0.346558,-0.8594785827819895,0.31161,0.069981
153,0.1448,61.6225,0.0103,30.1096,105.9625,14.5715,0.136538,0.14189917249999998,0.443487,0.309748,0.252307,0.22820616000000002,0.306913,-0.400596,-0.33287841000000007,-0.138008
154,0.0,100000.0,0.0,0.0,100000.0,0.0,-0.403757,-0.2442,-0.36125028000000003,0.205991,0.268835,0.396568,0.22545418500000006,0.171364,-0.353526,-0.27320166
155,0.0909,18.1435,0.0069,119.6621,11.0474,13.4323,0.173373,0.319755,-0.302875443,0.234892,0.287064,0.268303,0.22888413000000005,0.046565,-0.1499,-0.25529507100000004
156,0.1366,59.7825,0.0096,55.6226,52.7746,-13.8064,-0.33377698306968756,-0.488533,-0.351594,0.352444,0.21392534160000004,0.241954,0.311324,-0.39961584630000013,0.476704,0.174558
157,0.1321,82.8312,0.0133,29.4377,59.0376,10.2138,0.206842,0.271364,0.284275,0.375444,0.240027,0.281096,0.235612,0.105083,-0.119739,0.00972
158,0.0,100000.0,0.0,0.0,100000.0,0.0,0.341178,-0.09096402707245943,0.40465,0.2943,0.31852,0.21067808400000002,0.312862,0.417006,0.23500451187915175,0.348475
159,0.0,100000.0,0.0,0.0,100000.0,0.0,0.095351,0.05138,0.125884,0.388723,0.235441,0.26097,0.210593,0.128859,0.491854,-0.017986
160,0.0,100000.0,0.0,0.0,100000.0,0.0,-0.265646,-0.38634124999999997,0.432859,0.395121,0.279538,0.2709263700000001,0.345262,0.41987,-0.2232441,-0.234594
161,0.2066,279.131,0.0181,6.2638,360.2057,11.7687,-0.087521,0.9873000795888219,-0.298846,0.387499,0.3621,0.203886,0.361423,-0.138167,-0.01168299288291857,0.308754
162,0.0,100000.0,0.0,0.0,100000.0,0.0,-0.236285,0.117472,-0.024482,0.30494,0.23382,0.230393,0.291215,0.101672,0.134626,-0.461633
163,0.0479,6319.9157,0.0008,3.0496,6131.4264,-61.0946,-0.378446,-0.302058,0.257057,0.224628,0.303847,0.273987,0.296737,0.120464,0.285235,-0.388573
164,0.0932,74.0466,0.0057,51.3079,71.2575,-15.9682,0.224718,0.165384,0.183014,0.292145,0.247994,0.280148,0.314207,-0.459908,-0.372172,-0.119072
165,0.0,100000.0,0.0,0.0,100000.0,0.0,0.15424,0.104204,0.093266,0.351301,0.371145,0.255073,0.338837,0.172984,-0.324985,0.420377
166,0.0919,460.1537,0.0043,13.7109,416.1931,-22.1192,-0.348427,1.3474929970876033e-19,0.47558,0.357755,0.243892,0.205845,0.398293,0.165163,-8.774116198596862e-38,0.091347
167,0.0,100000.0,0.0,0.0,100000.0,0.0,-0.261214,0.459272,0.49284,0.276933,0.242968,0.386858,0.393722,0.44827,0.22734,0.330304
168,0.1456,224.9023,0.0075,39.4729,120.0349,19.2144,0.31809897124863057,0.120511,-0.077328,0.241273,0.21261042,0.31569,0.274673,-0.8822387952488006,0.250389,0.472815
169,0.0974,74.3709,0.006,52.6862,69.4472,-15.9767,-0.01783215,-0.336039,0.033914,0.235994,0.2824191,0.200871,0.287131,-0.4414815,-0.19307,-0.134948
170,0.0858,94.8271,0.0057,35.2849,92.8549,-14.8291,0.215689,0.09639,0.321155,0.286598,0.327886,0.23957,0.287882,-0.393341,-0.471326,-0.422909
171,0.3774,128.7707,0.0373,11.7611,142.0312,10.0113,-0.027125,-0.382929,-0.10107504,0.342039,0.340326,0.397709,0.288974,0.206888,-0.132123,-0.2775546
172,0.0437,92.8796,0.0022,51.7125,102.7827,20.9455,-0.23013,-0.049938,-0.102742,0.377448,0.32495,0.380105,0.201451,0.218756,0.225386,-0.185242
173,0.0,100000.0,0.0,0.0,100000.0,0.0,-0.417513,-0.25615021237499996,-0.133482,0.375489,0.275437,0.263836035,0.347183,0.198531,-0.351722817,-0.094235
174,0.0,100000.0,0.0,0.0,100000.0,0.0,0.157349,-0.12649262779064527,0.243066,0.225992,0.33361,0.223213239,0.239137,0.476626,-0.20031552468900005,0.039152
175,0.0,100000.0,0.0,0.0,100000.0,0.0,0.408801,0.187539,-0.222672,0.376357,0.290435,0.331155,0.22326,0.339061,-0.098062,-0.070682
176,0.0,100000.0,0.0,0.0,100000.0,0.0,-0.08576344080871877,-0.282072,0.303053,0.310151,0.21844915110000004,0.305314,0.33422,-0.7376372544970003,0.354319,-0.360026
177,0.0,100000.0,0.0,0.0,100000.0,0.0,0.287505,0.023052,0.144493,0.231059,0.36805,0.286358,0.390005,-0.153236,-0.239306,-0.401188
178,0.0841,596.5007,0.0033,9.9705,679.3634,25.3208,-0.242747,0.306842,-0.463713,0.346408,0.256218,0.393263,0.286472,0.37315,0.162167,0.018226
179,0.0,100000.0,0.0,0.0,100000.0,0.0,0.096223,-0.178463,-0.173129128893,0.352422,0.275171,0.332124,0.260156043,-0.080037,-0.336851,-0.22203445547700001
180,0.0,100000.0,0.0,0.0,100000.0,0.0,-0.107985,-0.167842,0.029482,0.318535,0.381455,0.204136,0.200393,0.039636,0.295014,0.104129
181,0.0,100000.0,0.0,0.0,100000.0,0.0,0.449122,-0.460473,-0.293664,0.381158,0.356216,0.252828,0.216391,0.389604,-0.13499,0.211235
182,0.0779,1291.1299,0.0047,2.7505,1421.4508,-16.7289,0.105611,-0.1628191225,0.392747,0.359187,0.382591,0.32214996,0.3986,0.130685,0.01780636,-0.096325
183,0.0,100000.0,0.0,0.0,100000.0,0.0,-0.21286570441151556,-0.17269384999999998,0.063195,0.289498,0.220861485,0.34371720000000006,0.222625,-0.5967786678260002,0.1512302,0.373984
184,0.0,100000.0,0.0,0.0,100000.0,0.0,0.004317,-0.276807,-0.2699892,0.385171,0.245635,0.254509,0.209113,0.457113,-0.192597,-0.1507635
185,0.0,100000.0,0.0,0.0,100000.0,0.0,0.392621,-0.45751,-0.20849971608899998,0.381246,0.350938,0.281262,0.20932716972600005,0.142041,-0.111275,-0.221926041513
186,0.0437,388.9514,0.0024,13.6983,322.7463,-18.2632,0.13575215,0.200936,-0.307089063,0.382577,0.23449597200000005,0.384224,0.25087689360000004,-0.3962763,-0.012809,-0.09064167300000002
187,0.0461,3120.5077,0.0009,5.2203,3000.7685,-51.9948,0.44561,-0.04797,0.244963,0.325045,0.210663,0.339128,0.359675,0.1918,-0.277193,-0.282585
188,0.1387,229.2879,0.0131,8.2401,225.2178,10.5674,0.474825,0.30011,-0.18248004,0.345847,0.333217,0.313421,0.27068337000000003,0.491969,0.22729,-0.21376224000000002
189,0.0385,21.5925,0.003,96.6002,25.4724,12.3819,0.154663,-0.33858,-0.416123,0.347056,0.331367,0.362863,0.235873,0.161519,0.059771,0.056847
190,0.2018,171.4538,0.0142,14.2599,222.8523,14.5336,0.467335,0.039256,0.343988,0.280824,0.335649,0.2034,0.284931,0.281342,-0.110372,-0.369826
191,0.0549,5127.2063,0.0005,7.2685,4912.5884,-112.1207,0.101171,-0.272278,0.124742,0.294133,0.205645,0.206215,0.23346,0.1282,0.056132,-0.45715
192,0.0877,174.0113,0.0041,32.8673,166.8424,-21.451,0.5764950998634902,0.041183,0.350654,0.372628,0.22704867,0.305777,0.286215,-1.0828722202057899,0.321458,-0.126841
193,0.0,100000.0,0.0,0.0,100000.0,0.0,-0.013381,0.082156,0.121319,0.313505,0.339454,0.378396,0.354301,0.274525,-0.203814,-0.347693
194,0.0472,20127.2053,0.0004,2.2492,18208.7279,-127.8639,-0.15321,-0.08185,-0.17986461212700003,0.35292,0.319648,0.321409,0.254415168,0.226356,0.298284,-0.22320681432300007
195,0.0,100000.0,0.0,0.0,100000.0,0.0,-0.347609,-0.123809,-0.320047767,0.326973,0.31383,0.257175,0.377565,0.203817,0.33003,0.006189939
196,0.0,100000.0,0.0,0.0,100000.0,0.0,0.402825,0.157224,0.481955,0.374994,0.330146,0.342894,0.313578,0.406929,0.359012,0.095554
197,0.1291,68.1107,0.0117,27.8849,68.8154,-10.7567,0.05547077154750175,0.351502,0.387844,0.303256,0.22672143000000006,0.387162,0.370658,-0.9199768711205609,0.411088,-0.09951
198,0.0,100000.0,0.0,0.0,100000.0,0.0,-0.057065,0.235968,0.236457,0.387464,0.3606,0.271259,0.21912,0.098736,-0.057984,-0.350381
199,0.1295,60.8406,0.0115,18.7789,122.7373,11.9146,-0.0834233,0.108655,0.262141,0.397976,0.380249,0.253227,0.313941,-0.3851325,-0.207674,-0.058921
200,0.0519,345.5733,0.002,20.1747,339.9066,-25.5725,-0.48363,0.4379945850000001,0.076352,0.2054,0.369706,0.256229,0.388901,0.391425,-0.28927854000000003,-0.259114
201,0.0,100000.0,0.0,0.0,100000.0,0.0,0.09221,-0.10189585999999999,0.284017,0.204064,0.387611,0.213129,0.342748,-0.238695,-0.22053951,-0.103952
202,0.0918,94.9975,0.009,23.3423,82.0259,10.744,-0.10448904963824295,0.034691,0.257334,0.234426,0.2184931098,0.348935,0.245646,-0.6320549524156236,0.485445,0.079197
203,0.1797,60.6831,0.018,26.3027,63.4201,10.0044,-0.155095,-0.0018936875683146389,0.117663,0.330209,0.258096,0.21774791142,0.315492,0.178612,-0.00015939281529786127,0.470736
204,0.0,100000.0,0.0,0.0,100000.0,0.0,-0.286976,0.190728,0.139557,0.304402,0.311163,0.274407,0.360972,0.265136,-0.050987,0.121102
205,0.0,100000.0,0.0,0.0,100000.0,0.0,-0.03787,0.170863,-0.143131,0.235575,0.277594,0.393886,0.312124,0.375474,0.350322,-0.231485
206,0.1838,36.6374,0.0167,52.3793,38.1324,-10.992,0.8597926307993937,-0.212913,0.362114,0.311868,0.213448,0.335594,0.293993,-0.9453789702790036,0.364646,-0.140483
207,0.0479,82.9607,0.0032,38.2625,92.7003,15.6408,-0.298155,0.357789,-0.34581,0.242818,0.249539,0.352334,0.232409,0.315459,-0.103507,-0.181759
208,0.0,100000.0,0.0,0.0,100000.0,0.0,0.487134,0.257794,0.34886,0.394372,0.225669,0.25968681000000005,0.288337,0.494775,-0.379851,0.080905
209,0.3698,165.6858,0.0309,34.6867,74.2983,-12.7315,0.242484,0.202667,-0.22420446030000002,0.289001,0.34841340000000004,0.382109,0.21555443790000003,0.285555,0.476259,-0.2891353968
210,0.0,100000.0,0.0,0.0,100000.0,0.0,-0.213701,-5.677057144943835e-19,0.323697,0.378621,0.251298,0.20796749999999997,0.353158,0.210167,-1.4417164857001983e-37,0.226833
211,0.0,100000.0,0.0,0.0,100000.0,0.0,-0.420044,-0.033786,-0.020913300000000003,0.322398,0.344427,0.309363,0.316545,0.482604,-0.472945,-0.4012002
212,0.0,100000.0,0.0,0.0,100000.0,0.0,-0.435182,-0.12385725282086661,0.458101,0.240631,0.301457,0.21187170000000002,0.273933,-0.053882,0.008635511215682908,0.142259
213,0.0,100000.0,0.0,0.0,100000.0,0.0,-0.439754,4.422032478619799e-19,0.415627,0.252469,0.311279,0.22435313256000003,0.249352,0.466551,-1.387148038932356e-37,0.394767
214,0.1825,91.535,0.014,40.7823,66.6657,-13.1563,0.059237,0.326462,0.098781,0.284585,0.23891220000000002,0.32077,0.325639,0.035058,0.216217,0.163071
215,0.1906,338.569,0.0133,12.1231,253.4379,-14.2173,0.711255617591991,-0.425006,0.07193,0.303287,0.206706,0.350577,0.229934,-1.1434548186597395,0.17828,0.180606
216,0.0,100000.0,0.0,0.0,100000.0,0.0,0.17640247726433883,-0.183218,-0.039817,0.300453,0.215314,0.388141,0.210426,-0.9059622734371106,0.485319,-0.041369
217,0.0,100000.0,0.0,0.0,100000.0,0.0,-0.36139235,-0.1545558,-0.270851,0.32059,0.365643,0.2607633000000001,0.214064,-0.4166289,-0.2577042,0.399368
218,0.0,100000.0,0.0,0.0,100000.0,0.0,0.096913,-0.319352,-0.16274291170950003,0.3979,0.313233,0.268372,0.283862394,0.289788,0.042576,-0.12974090390640003
219,0.0,100000.0,0.0,0.0,100000.0,0.0,0.056236,1.164154651382504,0.161366,0.39623,0.203846,0.2246049,0.249027,-0.327013,-0.030757701151112826,0.159874
220,0.0,100000.0,0.0,0.0,100000.0,0.0,0.297949754025,-0.409878,-0.079601,0.396545,0.20763268650000005,0.339674,0.340819,0.34118800760000007,0.393313,0.186472
221,0.0976,50.7075,0.006,84.2504,45.6904,-16.5483,0.4393336553704663,-0.392699,-0.056364,0.279696,0.21292774155000005,0.263024,0.371548,-1.0556741573747244,0.250616,-0.026504
222,0.0468,883.4704,0.0022,6.121,913.4514,-21.7738,0.250785,-0.214074,-0.33941,0.297039,0.363288,0.3528,0.383133,0.42709,-0.057948,-0.003562
223,0.045,579.883,0.0021,10.394,494.8645,-20.4308,0.8758727889768038,0.166408,-0.367787,0.285253,0.22615524,0.393026,0.324135,-1.1807550201310515,0.348568,0.14666
224,0.1299,439.6977,0.0096,5.2155,586.8281,14.1818,-0.382016,-0.43347797,0.006778,0.383596,0.277369,0.26634599999999997,0.390308,0.175697,0.22145057000000004,0.208244
225,0.0486,177.3182,0.0037,13.3455,209.0004,13.3676,0.113193,0.26571,-0.440719,0.220174,0.345894,0.205781,0.246766,-0.223616,-0.071334,-0.050009
226,0.0,100000.0,0.0,0.0,100000.0,0.0,-0.096776,-0.342099,-0.311669,0.241089,0.374695,0.36633,0.208379,0.232472,0.105984,-0.146716
227,0.0,100000.0,0.0,0.0,100000.0,0.0,-0.04187626026727144,0.7973822247161919,-0.456546,0.261723,0.211441,0.22894806330000003,0.294734,-0.17343405081950047,-2.6746367496756767e-07,0.358653
228,0.0859,80.1332,0.0078,16.9696,114.9218,10.8505,-0.228643,0.252178,0.312722,0.306237,0.365043,0.263562,0.25303,-0.341295,-0.446618,0.082034
229,0.0,100000.0,0.0,0.0,100000.0,0.0,0.29646335250000005,-0.254439290554375,0.273414,0.360983,0.21615506100000004,0.24477385140000005,0.361135,-0.37673262,-0.22581518579999998,-0.223609
230,0.1448,161.7822,0.0082,30.9602,137.9465,17.8126,0.414038,-0.133137,-0.18483795000000003,0.254319,0.242283,0.37642,0.222558,0.11344,-0.076609,-0.38401047
231,0.0476,41.1147,0.0035,83.0267,35.43,-13.8249,0.021562,0.063103,0.03155,0.300004,0.221041,0.301081,0.377624,0.347393,-0.319301,-0.079643
232,0.0452,634.3062,0.0017,13.1115,526.1857,-25.6972,0.046239,-0.179712185790375,-0.35307,0.335355,0.352284,0.2194175547,0.330412,-0.039482,-0.21182175378,0.08903
233,0.3348,365.561,0.022,8.3817,393.7902,14.9019,-0.37896,-0.3614562893343749,-0.276838,0.394832,0.383619,0.21121681500000003,0.38918,0.082948,0.05171025508000002,0.432949
234,0.09,24.1232,0.0089,79.0548,22.1215,-10.2464,0.9598349036496908,-0.129583,-0.054593,0.206028,0.22984035930000005,0.387585,0.390859,-0.9862106975655116,0.353594,-0.139029
235,0.0478,52.6305,0.0029,67.5496,56.1072,-16.3701,0.33246113677875005,-0.024838207136883457,0.15418,0.269509,0.2208576942,0.21435273000000002,0.286531,-0.29391698799,-0.0025593096268219256,0.417266
236,0.0,100000.0,0.0,0.0,100000.0,0.0,-0.364224,0.38170646086781257,-0.442442,0.372621,0.313549,0.23479122429000002,0.298261,0.353319,0.15680891666000008,0.22717
237,0.1888,57.6101,0.0156,62.4855,39.8231,-12.4651,-0.15351392332056932,0.263276,-0.285613,0.260987,0.21916145699999998,0.313212,0.244733,-0.9682654120432624,0.360938,-0.086674
238,0.0,100000.0,0.0,0.0,100000.0,0.0,-0.034449,-0.275095,-0.15634979999999998,0.389627,0.375811,0.244153,0.27374970600000004,-0.18377,-0.404971,-0.1359351
239,0.0,100000.0,0.0,0.0,100000.0,0.0,0.045446,-0.001631,-0.06648,0.38144,0.311727,0.250087,0.398093,0.027027,-0.025358,0.265088
240,0.09,22.8715,0.007,114.9022,13.0284,12.4292,-0.490423,-0.498735,0.055994,0.222977,0.295942,0.240722,0.330949,-0.009386,0.291768,-0.043954
241,0.0,100000.0,0.0,0.0,100000.0,0.0,-0.484243,-0.20069759802499998,0.105535,0.369036,0.350347,0.22758429383999998,0.262187,0.143592,-0.060558686099999995,0.209456
242,0.0453,176.1753,0.0029,18.3551,198.1318,15.9102,-0.013558,0.33032591772468756,-0.201603,0.339273,0.326303,0.21384654399000003,0.35547,0.228312,-0.11152584630000002,-0.051218
243,0.0,100000.0,0.0,0.0,100000.0,0.0,0.36562979250000005,-0.015968,-0.47349,0.32193,0.203861,0.222925,0.233569,-0.29833353,-0.009065,0.115486
244,0.0,100000.0,0.0,0.0,100000.0,0.0,-0.053128979719171056,0.37595,-0.049511,0.246679,0.20891536200000005,0.2375,0.20491,-0.7186010369892919,0.482308,-0.464824
245,0.0,100000.0,0.0,0.0,100000.0,0.0,0.285605,0.8579479205322791,-0.394648,0.290868,0.268111,0.22766164803000002,0.247091,0.319096,-0.01169255739165512,0.484862
246,0.0922,55.5651,0.0071,56.4034,47.9758,-13.118,-0.166133,-0.07787609488883229,0.49231,0.295997,0.369051,0.20872971,0.333046,-0.136884,-0.01731156556472632,0.061889
247,0.1803,84.1004,0.013,27.3055,105.1852,13.6164,-0.014774,-0.349313,-0.3137949,0.377526,0.299539,0.33671,0.25436195100000003,0.352527,-0.07436,-0.0874566
248,0.0,100000.0,0.0,0.0,100000.0,0.0,0.206495,0.085386,-0.481573,0.267834,0.244229,0.2412,0.271269,-0.35248,0.168,0.259426
249,0.0,100000.0,0.0,0.0,100000.0,0.0,0.9949433230115449,-0.153812,0.008856,0.212925,0.217532,0.331084,0.211082,-0.7943973097733817,0.478358,0.418756
250,0.0,100000.0,0.0,0.0,100000.0,0.0,-0.113122,0.412612,-0.26926698294,0.2983,0.320007,0.377945,0.20930975100000002,0.312369,0.016359,-0.27899530569
251,0.0,100000.0,0.0,0.0,100000.0,0.0,0.382653,0.209077,-0.143327,0.213025,0.211665,0.271623,0.219699,-0.123542,0.093558,-0.433339
252,0.0,100000.0,0.0,0.0,100000.0,0.0,-0.441745,-0.222837,0.366109,0.396551,0.276644,0.205397,0.241395,0.474802,0.131683,-0.185269
253,0.0972,242.4808,0.0049,21.4026,236.8274,20.2062,-0.16831894920435456,-0.397019,-0.335229,0.212618,0.22119991596,0.28173,0.338826,-0.9602937549755247,0.197906,0.191826
254,0.0,100000.0,0.0,0.0,100000.0,0.0,-0.279443,0.069919,0.469705,0.322401,0.210524,0.398878,0.285324,0.093427,0.113568,0.021575
255,0.047,2947.0636,0.002,1.9573,3088.0138,23.1329,-0.3616150537499999,-0.019891,-0.467974,0.308066,0.208125,0.371634,0.208003,-0.210485628,-0.10808,-0.074142
256,0.0,100000.0,0.0,0.0,100000.0,0.0,-0.220459,-0.3090539025,-0.49652,0.225442,0.2723,0.28898532000000005,0.302315,0.234128,-0.22452552,0.005409
257,0.0,100000.0,0.0,0.0,100000.0,0.0,0.304267,-0.337675,-0.346356,0.353192,0.328641,0.360086,0.200004,0.444912,0.030491,0.348421
258,0.0,100000.0,0.0,0.0,100000.0,0.0,0.010228,0.463853,0.235012,0.234454,0.308496,0.390354,0.310452,-0.241652,-0.405823,-0.396298
259,0.0,100000.0,0.0,0.0,100000.0,0.0,-0.28492161680624994,-0.059048,0.314051,0.340676,0.2318972328,0.329318,0.376146,-0.24732201258,-0.032863,-0.491887
260,0.0,100000.0,0.0,0.0,100000.0,0.0,0.495116,0.122807,0.169607,0.287387,0.311436,0.245628,0.243075,-0.158817,-0.490867,-0.268385
261,0.0,100000.0,0.0,0.0,100000.0,0.0,0.223574,0.20012,0.279388,0.315501,0.2783,0.2035,0.243448,0.270855,0.110379,-0.164684
262,0.0,100000.0,0.0,0.0,100000.0,0.0,0.10331368749999999,0.367241,0.419621,0.384291,0.3086784,0.274645,0.344438,-0.22064481000000002,-0.042937,0.354454
263,0.18,429.6715,0.0104,7.2361,604.4309,18.1212,0.458587,0.5132070468206721,-0.189727,0.296002,0.356347,0.23031767205,0.351301,-0.381357,-0.17673389319600002,-0.164215
264,0.1513,167.9021,0.0085,24.083,184.0395,18.2967,-0.008831054729061222,0.49486455474439933,-0.159659,0.30769,0.21640770000000004,0.21686991840000006,0.211231,-0.9827595863411266,0.24836399439500015,0.416302
265,0.0,100000.0,0.0,0.0,100000.0,0.0,-0.365579,-0.397577,0.124188,0.226468,0.262404,0.252247,0.399247,0.228728,0.376619,-0.358576
266,0.0,100000.0,0.0,0.0,100000.0,0.0,-0.109237,-0.212519,0.024222,0.280748,0.2212,0.290372,0.258201,0.066109,0.261081,-0.261543
267,0.0,100000.0,0.0,0.0,100000.0,0.0,-0.078841,0.049207,-0.28569150000000004,0.224729,0.226846,0.373863,0.331979,0.314989,0.39149,-0.19958040000000002
268,0.1006,8981.2026,0.0018,1.6603,10003.0814,-54.823,-0.3984053,-0.2098,-0.429054,0.258983,0.233908,0.354975,0.265168,0.19138790000000003,0.439728,0.462554
269,0.0,100000.0,0.0,0.0,100000.0,0.0,0.493748,-0.435397,0.022902,0.387744,0.268533,0.230303,0.263344,0.045267,0.088161,-0.057124
270,0.0454,3449.4837,0.0005,6.9957,4293.584,95.1102,0.241497,0.405812,0.405778,0.328366,0.286375,0.391515,0.364799,-0.385795,-0.466475,-0.499874
271,0.0468,152.559,0.0028,21.9581,179.4927,16.8239,-0.04829847758162499,0.366096,0.284062,0.226336,0.209912634,0.248335,0.394153,0.12718213575100007,0.349552,-0.121041
272,0.1966,196.2771,0.0164,13.2699,182.515,12.2659,-0.111843,0.6974524454888194,-0.499648,0.205068,0.369986,0.21484170000000002,0.23239,0.235886,-0.1516392424320138,0.26453
273,0.0,100000.0,0.0,0.0,100000.0,0.0,-0.0861761988507366,-0.386835,-0.163831,0.214011,0.21814537680000004,0.255045,0.271492,0.18669418328347434,0.481959,0.080981
274,0.0,100000.0,0.0,0.0,100000.0,0.0,0.27786631510381476,0.435481,0.32973,0.397331,0.28259685,0.296045,0.390952,-0.7826885821953004,0.331592,-0.338765
275,0.0453,18.2361,0.0045,95.9857,19.0535,-10.4866,-0.11066,-0.00087,-0.0959715,0.259566,0.2174778,0.279638,0.3424734,-0.458505,0.331821,-0.3533013
276,0.0488,1254.3444,0.0018,7.5615,962.0066,-26.8226,0.137954,0.8691523652974411,-0.353394,0.23137,0.290897,0.21754737000000002,0.246735,0.066818,-0.022209070903834106,0.450363
277,0.0993,1220.8219,0.0031,8.4022,1108.8252,-32.9497,0.267997,0.375424,0.305344,0.335941,0.270094,0.280383,0.205004,-0.026714,0.170516,-0.0363
278,0.0,100000.0,0.0,0.0,100000.0,0.0,0.056986,-0.22806,-0.221719,0.379564,0.327738,0.26387,0.277758,-0.075244,0.022304,0.039309
279,0.0,100000.0,0.0,0.0,100000.0,0.0,-0.362591,0.099532,-0.31656258,0.232148,0.340401,0.213018,0.21042937836000003,-0.125982,-0.172509,-0.30536514000000003
280,0.0,100000.0,0.0,0.0,100000.0,0.0,0.064238265,-0.024119,0.332157,0.386576,0.2197482291,0.359271,0.248547,-0.56660065,0.449104,0.475601
281,0.0981,102.6371,0.0062,45.3016,78.7368,15.7007,0.9373575633578175,-0.446023,-0.094643,0.330617,0.207622845,0.367273,0.2289717,-0.7939915736586869,0.037887,-0.410231
282,0.1014,1306.9116,0.0024,8.9093,1347.8357,-41.0248,-0.067084,0.218473,-0.116442,0.211638,0.291943,0.232393,0.34925,0.362393,-0.153367,-0.15897
283,0.0,100000.0,0.0,0.0,100000.0,0.0,0.367976,-0.083277,0.092589,0.339266,0.302797,0.203438,0.331637,0.36486,0.220563,0.498509
284,0.0,100000.0,0.0,0.0,100000.0,0.0,0.22411,-0.035825,-0.046175,0.221637,0.315948,0.386802,0.206443,0.389166,-0.187304,-0.29414
285,0.0,100000.0,0.0,0.0,100000.0,0.0,0.379789,-0.468693,-0.277171,0.388199,0.20124,0.292774,0.21966929999999998,-0.398453,-0.479849,-0.116146
286,0.0,100000.0,0.0,0.0,100000.0,0.0,-0.169423,-0.492067,-0.21197060099999998,0.339316,0.304735,0.26551,0.217799,0.206878,-0.181953,-0.274367898
287,0.0424,173.6573,0.0022,20.4879,248.8972,20.2982,0.108749,-0.2879862148982655,-0.164562,0.375047,0.308262,0.21837778200000002,0.376159,0.266951,-0.259866677385,0.063763
288,0.2303,96.453,0.0188,15.4202,168.1484,12.7786,-0.380996,-0.270646,-0.33776,0.369712,0.301354,0.274084,0.32963,-0.335721,-0.051765,0.063718
289,0.0,100000.0,0.0,0.0,100000.0,0.0,0.40986083709511323,-0.395127,-0.078621,0.368059,0.22986535671000005,0.277752,0.251492,-0.9326838512273598,0.408841,-0.140027
290,0.1444,3517.6194,0.0042,2.4321,4179.6813,-35.4963,0.078335,-0.3463930958240624,-0.205739,0.262794,0.271291,0.25315552890000004,0.337468,0.397577,-0.21562628085000002,0.090195
291,0.0,100000.0,0.0,0.0,100000.0,0.0,0.112255,-0.31791640976218744,-0.157537,0.212773,0.350854,0.22103442000000004,0.304434,0.005381,-0.007120718910000001,0.368898
292,0.0505,37258.0941,0.0003,1.3861,38311.3845,-164.3107,0.6397986160660765,-0.44775,-0.21846753,0.302832,0.21277242000000005,0.373642,0.25851579300000005,0.401892872339361,0.496063,-0.24185952000000005
293,0.0915,121.9623,0.0062,29.4531,108.4789,-14.5851,-0.197219,-0.1564368415278446,-0.030533,0.340138,0.264358,0.21774318750000005,0.301454,-0.040309,-0.044528395339998396,0.442007
294,0.0466,46.3534,0.004,48.2381,51.0322,-12.3851,0.207003,0.6025478410350001,-0.3545694,0.233744,0.3267315,0.288266,0.2623086,-0.326256,-0.29413428831000005,-0.22432770000000002
295,0.0598,269.9011,0.0032,16.4447,261.5956,17.9056,-0.391065,-0.380222,-0.3667527,0.2989,0.303752,0.289596,0.2902941,-0.207549,-0.112712,-0.0851841
296,0.0,100000.0,0.0,0.0,100000.0,0.0,0.074163,0.08596,-0.108587,0.314178,0.273722,0.280158,0.322096,0.234397,0.311324,-0.062778
297,0.0993,1071.1036,0.004,7.2589,907.3343,-24.7587,0.234696,-0.060732,-0.416882,0.25361,0.386774,0.213549,0.211032,-5.7e-05,-0.398635,-0.18924
298,0.0,100000.0,0.0,0.0,100000.0,0.0,-0.20578,-0.472085,0.092495,0.315553,0.220882,0.206168,0.393847,0.103512,-0.485102,-0.480872
299,0.0499,5925.4227,0.0007,3.9615,6105.0154,-77.5558,0.360292,0.096663,-0.29883006,0.310279,0.320594,0.212074,0.24985746000000003,0.192617,0.050863,-0.15496029
300,0.1349,2669.4937,0.003,3.8414,3527.7582,-45.6541,-0.462517,-0.197069,0.074417,0.303292,0.293896,0.349065,0.371346,0.091645,0.061127,-0.220157
301,0.1857,56.5848,0.0185,25.416,66.3854,-10.0618,0.28876864999999996,0.4920170850000001,-0.088055,0.263553,0.32946,0.215838,0.236467,-0.3905019,-0.10458477000000001,0.063295
302,0.0,100000.0,0.0,0.0,100000.0,0.0,0.192333,0.9929356403030817,-0.312913,0.287752,0.284512,0.22009806000000004,0.388151,0.273142,-0.018569982952127334,0.257644
303,0.0,100000.0,0.0,0.0,100000.0,0.0,0.4789,0.165139,-0.281249,0.207962,0.224432,0.359667,0.363934,0.32776,0.206027,-0.140932
304,0.0,100000.0,0.0,0.0,100000.0,0.0,0.229593,-0.150376355,0.359099,0.369285,0.330022,0.241472,0.2205,0.433427,-0.40347072,-0.237747
305,0.1006,30.1086,0.0097,58.0499,29.8293,10.1948,0.06002337570657349,-0.443103,-0.477573,0.226543,0.21584594313000005,0.220072,0.30761613000000004,-0.8640414773384038,0.409078,-0.100175
306,0.0491,38.9954,0.0032,100.6329,32.9321,-14.9422,0.7862152956743296,0.018292,-0.38875383,0.203324,0.2108475765,0.354453,0.2639907,-0.09998732226138862,-0.06033,-0.21807954
307,0.136,1319.1127,0.0087,3.3516,1107.532,16.136,0.185132,0.445014,-0.23237767908360002,0.345142,0.381169,0.382882,0.204578,0.476476,0.057469,-0.2348160366798001
308,0.0466,192.627,0.0042,8.6849,257.1152,11.699,0.056564,-0.1130706306779979,0.40295,0.380845,0.327571,0.2249530704,0.227583,0.34225,-0.05078902269179861,0.132598
309,0.0,100000.0,0.0,0.0,100000.0,0.0,-0.44867,0.398347,0.205174,0.393144,0.381017,0.224134,0.233736,0.470553,0.395433,0.023724
310,0.0452,450.5642,0.0034,5.8698,485.4101,13.5478,0.4446523974284526,-0.434162,0.246062,0.357282,0.2174394132,0.263301,0.264429,0.14808453827448942,0.285152,0.342463
311,0.0,100000.0,0.0,0.0,100000.0,0.0,-0.2868237332682667,0.5866576888833283,0.226495,0.361678,0.2227295475,0.24357909330000005,0.346555,-0.9878657220659873,0.2931756298900002,0.375674
312,0.0,100000.0,0.0,0.0,100000.0,0.0,-0.015092,-0.093356,-0.069599,0.353597,0.209218,0.312816,0.20756384848800005,-0.46103,-0.021409,-0.478724
313,0.0431,8.5563,0.0043,136.2474,12.4133,10.0738,-0.15084772352999998,-0.150951,-0.0249088365,0.39939,0.342192,0.276557,0.30547854,-0.5806226757100003,0.322083,-0.23857305029999995
314,0.0,100000.0,0.0,0.0,100000.0,0.0,0.105595,-0.06355049755657366,0.23363,0.397673,0.272083,0.22862178477000003,0.234267,-0.253087,-0.008512932439603434,0.308563
315,0.0472,21.2185,0.0044,86.1481,23.7708,11.1434,-0.14525096755557063,0.104867,-0.058005,0.213085,0.217610874,0.304014,0.318152,0.07796499691273451,0.355632,0.410969
316,0.0458,136.2276,0.003,26.9992,125.0077,-15.1253,1.1527281222819266,0.267172,0.493763,0.248516,0.2231468271,0.365383,0.263821,-0.952656294671438,0.457513,0.109403
317,0.1428,80.8862,0.0112,27.3149,94.5781,-12.7502,-0.34708098707749985,0.349927,-0.120108,0.247418,0.22272101820000004,0.208391,0.382604,-0.8194036524520004,0.438482,0.090529
318,0.0,100000.0,0.0,0.0,100000.0,0.0,0.239133,-0.279438,-0.024219,0.249529,0.315844,0.20349,0.221385,0.18686,-0.119119,-0.155303
319,0.0,100000.0,0.0,0.0,100000.0,0.0,-0.36324,1.1018961932840747,-0.147455,0.207271,0.346528,0.221616,0.238804,0.122392,-0.035805880034118866,0.404831
320,0.0,100000.0,0.0,0.0,100000.0,0.0,0.061464,-0.248958,-0.218999619,0.38621,0.236272,0.299507,0.22625608500000002,0.304817,0.298266,-0.175379175
321,0.0,100000.0,0.0,0.0,100000.0,0.0,-0.269387,-0.1261087,0.364803,0.367545,0.316361,0.26260110000000003,0.230299,0.292721,0.1145529,0.246592
322,0.0,100000.0,0.0,0.0,100000.0,0.0,-0.124937,0.71668224313656,-0.232525,0.354727,0.234451,0.227283,0.217356,0.0562,-0.0024006526215453825,0.216132
323,0.0,100000.0,0.0,0.0,100000.0,0.0,0.04872369148575701,0.8853917524321089,-0.477893,0.384288,0.22238946900000003,0.20763577016999998,0.37883,-0.23630210514810004,-0.05588159846558235,0.405389
324,0.0,100000.0,0.0,0.0,100000.0,0.0,0.1802734944215625,-0.484332,-0.281048,0.391014,0.228524,0.317808,0.29952,0.2193868932200001,0.26555,-0.003782
325,0.048,77.1428,0.0044,26.3212,72.2181,-10.7026,0.7660235339238811,-0.03437877836555629,-0.348947,0.266869,0.273007584,0.22325967630000002,0.396849,-1.16015765872059,0.233840497988614,0.315188
326,0.0926,14398.2466,0.0012,1.8549,12679.131,-75.5551,0.19984746009375004,-0.119118,-0.168077,0.304095,0.3245382,0.389774,0.287527,-0.09931320090000001,-0.13691,-0.178753
327,0.0,100000.0,0.0,0.0,100000.0,0.0,-0.243062,-0.1679545689509375,-0.138991,0.299465,0.399756,0.30003534000000004,0.256391,-0.00759,-0.27184506228000005,0.492107
328,0.14,42.8476,0.014,39.2315,47.4402,-10.5834,-0.4221976224999999,-0.07521275246199878,0.286346,0.333849,0.20805951600000003,0.21251050131600005,0.304175,-0.32953149000000004,-0.020576720561553248,0.175014
329,0.1794,94.68,0.0178,13.7824,130.988,10.416,-0.261662,-0.19799,-0.243695,0.354614,0.323954,0.276233,0.277492,-0.132682,0.242305,0.32155
330,0.0,100000.0,0.0,0.0,100000.0,0.0,0.007921350213374997,0.142935,0.474566,0.265293,0.23142323700000003,0.318613,0.244769,-0.8423683976950004,0.175721,-0.275493
331,0.2266,378.8149,0.0098,11.1137,522.4319,22.4185,0.26893392750000006,-0.46010969999999995,0.112211,0.303703,0.296973,0.22577040000000004,0.326346,-0.36603738,-0.2911725,-0.234453
332,0.0,100000.0,0.0,0.0,100000.0,0.0,-0.495512,0.381347,0.285909,0.21417,0.253951,0.366454,0.224853,0.476578,0.070906,0.434132
333,0.0,100000.0,0.0,0.0,100000.0,0.0,-0.221692,-0.424018,-0.135926,0.382223,0.378345,0.245837,0.282865,0.398427,0.293775,0.413428
334,0.0,100000.0,0.0,0.0,100000.0,0.0,0.332567,0.056776,0.143412,0.295794,0.239932,0.204041,0.394039,0.167653,-0.077808,-0.414188
335,0.0,100000.0,0.0,0.0,100000.0,0.0,-0.295236,-0.294862,-0.496232,0.204514,0.211671,0.38417,0.337838,-0.196382,0.278757,0.290222
336,0.0,100000.0,0.0,0.0,100000.0,0.0,0.070042,0.462425,0.338157,0.22634,0.371848,0.282426,0.25513,0.202688,-0.432954,-0.372609
337,0.0468,413.2253,0.0024,13.497,358.0988,-19.4998,-0.18824667519300461,0.168512,0.344904,0.3413,0.209995,0.218854,0.372004,-1.0168602258483688,0.142532,0.226331
338,0.0479,69.3779,0.0026,66.3691,70.9,-19.1167,0.350415,-0.23618244499999996,0.2473,0.229138,0.219387,0.319265,0.267152,0.026503,-0.23527827,-0.195237
339,0.0,100000.0,0.0,0.0,100000.0,0.0,-0.049585,0.26644275,0.239694,0.250991,0.224651,0.22688505,0.364481,0.119342,-0.4267152,0.442939
340,0.0449,461.0071,0.0016,17.1917,473.34,-29.4126,-0.40679,1.228899607516565,-0.157699,0.284442,0.215242,0.22710245400000004,0.399974,-0.19389,-0.0004661685115302665,0.369756
341,0.0,100000.0,0.0,0.0,100000.0,0.0,0.271301,0.298706,-0.303453,0.210399,0.395239,0.267019,0.28502685,0.151381,-0.290067,-0.238563
342,0.0915,132.2662,0.0081,15.8759,127.1166,-11.0543,-0.298270835,0.184215,0.356468,0.235452,0.226102,0.287259,0.245284,-0.37045107,-0.260699,-0.365619
343,0.0,100000.0,0.0,0.0,100000.0,0.0,-0.284751,-0.28562,-0.419777,0.201347,0.268946,0.20825,0.350047,0.362475,0.093336,-0.04635
344,0.0,100000.0,0.0,0.0,100000.0,0.0,-0.296359,0.8170707477131532,-0.430135,0.308322,0.303573,0.21559321341,0.267577,0.296708,-0.08944425506021791,0.321747
345,0.0,100000.0,0.0,0.0,100000.0,0.0,0.5873947414856721,-0.417284,-0.26602991676000004,0.282063,0.22347566442000005,0.306684,0.20251,-0.15073792524000001,-0.01103,-0.27345060459000003
346,0.0,100000.0,0.0,0.0,100000.0,0.0,0.036864,-0.204237,-0.20086137,0.21011,0.264386,0.340739,0.29908440000000003,0.047234,0.07487,-0.35265942
347,0.0439,272.76,0.0029,11.5174,308.6202,15.6635,-0.423559,-0.10046101275000001,-0.247172,0.229016,0.368838,0.31943727000000005,0.358644,0.46593,0.20104621900000003,0.360095
348,0.1408,51.984,0.0125,37.633,57.0457,11.4404,0.224192,0.385901,0.394112,0.315707,0.308595,0.298039,0.205675,-0.338493,-0.276972,-0.014589
349,0.0,100000.0,0.0,0.0,100000.0,0.0,0.18239639735854693,-0.055904,0.194312,0.237896,0.21458472209999999,0.349864,0.247522,-0.7803212452310005,0.43484,0.30711
350,0.0,100000.0,0.0,0.0,100000.0,0.0,0.229626,-0.282372,-0.455948,0.39994,0.340762,0.273876,0.2620548,-0.153865,-0.278213,0.02246
351,0.0889,48.2485,0.0076,46.8256,46.7553,-11.568,0.26315131500000005,-0.496355,-0.32311,0.342625,0.351427,0.226814,0.20896,-0.36277632000000004,-0.352886,-0.178404
352,0.0491,131.7705,0.0035,18.0833,164.6175,13.9305,-0.255499,-0.269436,-0.451164,0.306821,0.244973,0.288242,0.201835,-0.173753,0.434727,0.492947
353,0.1358,236.5313,0.0105,8.5944,323.5113,13.3412,0.301689,-0.372907,-0.09996390000000001,0.374432,0.392363,0.270085,0.305533,0.341452,-0.039584,-0.2017728
354,0.0,100000.0,0.0,0.0,100000.0,0.0,-0.24099,-0.415457,0.202486,0.292861,0.251509,0.229661,0.354484,0.233644,0.067347,-0.408478
355,0.0,100000.0,0.0,0.0,100000.0,0.0,-0.1701244836657832,0.496477,0.091729,0.372165,0.212604,0.272467,0.29,-1.0186310445643099,0.306765,-0.238025
356,0.0986,42.5579,0.0063,106.9089,32.6585,15.4744,-0.42235321349999994,0.056816,0.227097,0.257662,0.28507679999999996,0.291379,0.203889,-0.11299718700000003,-0.050522,0.391375
357,0.1778,272.3374,0.013,12.4344,241.2811,14.0006,0.45889,-0.24636707828392954,-0.112724,0.276349,0.390398,0.20814480900000004,0.327882,-0.048118,-0.16580392051479217,0.259739
358,0.0,100000.0,0.0,0.0,100000.0,0.0,-0.170019,0.428959,0.216164,0.214879,0.319756,0.232497,0.228566,0.21577,0.152023,0.494416
359,0.0,100000.0,0.0,0.0,100000.0,0.0,-0.325351,0.287154669375,-0.224392,0.341248,0.277837,0.23791563810000002,0.226677,0.102673,-0.05459043600000001,0.104182
360,0.0,100000.0,0.0,0.0,100000.0,0.0,-0.465022,0.7712926797376922,-0.393021,0.308667,0.287677,0.21124366407,0.263333,0.157808,-0.0010368515663361907,0.331612
361,0.0,100000.0,0.0,0.0,100000.0,0.0,-0.30421957836375013,-0.4805,-0.21970656675,0.251172,0.222144,0.351977,0.287902512,-0.7125153921600001,0.420204,-0.25541822097000005
362,0.0,100000.0,0.0,0.0,100000.0,0.0,-0.091359,1.6769687355188858,0.248858,0.264822,0.231882,0.21062250000000002,0.37104,-0.195509,-0.016396389631307996,0.475697
363,0.0846,280.92,0.0053,14.6818,255.5742,-16.2569,-0.344848,-0.454947,0.248308,0.266119,0.33162,0.387434,0.399286,0.460755,-0.126543,-0.489182
364,0.0518,46.8925,0.0049,43.3929,40.4784,10.2694,-0.209108,-1.5996578112598108e-20,0.38369,0.241475,0.221401,0.20874234843000003,0.296691,-0.200676,-1.6750297477613813e-37,0.35713
365,0.2249,28.3252,0.0199,80.7148,27.8051,-11.7328,-0.21580675,-0.146006,0.032384,0.275015,0.21185,0.332799,0.253372,-0.34981870000000004,0.480866,0.335696
366,0.1418,345.9609,0.0093,11.9703,307.1199,-16.0289,-0.236355,-0.2865117913229236,0.102871,0.277734,0.353852,0.20927296274400006,0.240059,0.381987,-0.11111231247134673,0.144366
367,0.222,1453.1168,0.0067,5.1045,1852.0452,-33.3612,-0.125314,0.080818,0.049519,0.330163,0.352496,0.349377,0.261607,-0.015146,0.040576,0.142016
368,0.0,100000.0,0.0,0.0,100000.0,0.0,0.453007,-0.365666,-0.051851,0.324381,0.26684478000000006,0.350136,0.377218,0.484602,0.469802,-0.000169
369,0.0,100000.0,0.0,0.0,100000.0,0.0,0.47975,-0.015403,0.047916,0.234719,0.348244,0.227476,0.300763,-0.130979,-0.414722,0.055963
370,0.0,100000.0,0.0,0.0,100000.0,0.0,-0.334658,-0.053509,-0.114279,0.335059,0.26013,0.350445,0.259946,0.28126,-0.017179,-0.259414
371,0.0483,283.9537,0.0027,15.2188,275.9529,-17.599,-0.017153,-0.16433,0.462329,0.212824,0.210823,0.370054,0.206059,-0.257072,0.040189,-0.421898
372,0.0454,547.7448,0.0029,7.6088,477.6489,-15.9031,0.202236,-0.1266708241287415,0.045193,0.377797,0.246154,0.20872557851399998,0.323933,-0.271853,-0.03875221215727839,0.323377
373,0.0963,85.7478,0.0076,44.1343,59.5191,-12.8805,-0.22061743063715375,0.496943,0.142281,0.309562,0.21134925000000002,0.257113,0.349057,-0.8230139660827807,0.481857,-0.494041
374,0.0952,46.6987,0.0067,53.5352,59.9594,14.6298,0.04174816087499999,0.440604,-0.114869,0.226682,0.21857282595000002,0.218785,0.336767,0.12222972300000003,0.387581,0.436258
375,0.1494,147.6493,0.0124,29.1124,84.8209,-12.408,-0.09388922445456614,0.040849,-0.238519,0.230169,0.2212254,0.298876,0.267826,-0.8967465257128243,0.108586,-0.212784
376,0.0,100000.0,0.0,0.0,100000.0,0.0,0.366691,-0.3307569852353632,0.415418,0.204614,0.353772,0.20821131,0.279031,0.15962,-0.21050277036210008,-0.096431
377,0.0,100000.0,0.0,0.0,100000.0,0.0,-0.40774665,0.38794455,-0.21280404806676007,0.389757,0.244877,0.25340850000000004,0.21693008277000006,-0.39940020000000004,-0.3112263,-0.1708739590095
378,0.2284,35.5013,0.0197,76.1658,29.3889,-11.7153,0.018654,0.027512291663320074,0.42896,0.349016,0.227653,0.21271339368000003,0.341912,-0.206183,-0.05940058011268393,0.066633
379,0.0,100000.0,0.0,0.0,100000.0,0.0,-0.4422216832999644,-0.44944770749999996,0.005189,0.271943,0.27858370500000007,0.32931900000000003,0.215459,-0.6725737604814294,0.22269445000000002,0.325998
380,0.0507,54581.5629,0.0003,1.0213,53890.1331,170.112,0.7391736154725157,0.104158,0.267443,0.205445,0.22208565096000002,0.351837,0.256411,-1.294338641640423,0.193705,0.435213
381,0.0,100000.0,0.0,0.0,100000.0,0.0,-0.035671461918750015,-0.265654,0.356377,0.274735,0.2793933,0.342162,0.322522,0.13301641320000004,0.259261,0.159548
382,0.0924,143.0333,0.0063,23.0934,135.3086,-14.3742,-0.154596,-0.20635760195624997,0.068877,0.32858,0.264122,0.30317895,0.289163,-0.367953,-0.1975300587,-0.052134
383,0.0408,359.8359,0.004,4.2205,442.2836,10.6,0.442946,-0.193519,-0.055071,0.334747,0.394131,0.384911,0.3139641,0.055682,-0.287424,-0.33295589999999997
384,0.0,100000.0,0.0,0.0,100000.0,0.0,-0.16570220440387465,0.290889,-0.267021,0.245189,0.21644577,0.287678,0.218278,-0.9507140651892884,0.345339,0.2102
385,0.1379,198.0317,0.0093,9.4437,343.8437,14.7414,-0.35714,0.39784,0.284534,0.235816,0.260532,0.370635,0.228017,0.146342,0.086426,-0.179463
386,0.0,100000.0,0.0,0.0,100000.0,0.0,-0.251634,0.9840675834849691,-0.42648,0.366133,0.280814,0.222465,0.35264,-0.441051,-0.06775534005348076,0.483111
387,0.0448,25601.6084,0.0004,1.4518,25458.0972,-115.8779,-0.007692,0.409159,0.231139,0.346606,0.341478,0.291002,0.306669,0.111657,-0.278381,-0.182307
388,0.0,100000.0,0.0,0.0,100000.0,0.0,0.48279783510215696,-0.084776,-0.37068,0.263081,0.21767697,0.211396,0.241011,0.3049425686385573,0.482284,0.10351
389,0.1408,127.4025,0.0139,12.705,139.0095,10.2983,0.1884162,0.043176,0.386957,0.264731,0.250898,0.357675,0.345122,-0.3042684,-0.029902,-0.494736
390,0.1396,1170.9362,0.0046,8.4631,1046.7665,31.5766,0.316821,0.087644,-0.17179,0.232182,0.342544,0.224889,0.377119,-0.048616,0.020678,0.103591
391,0.0433,5922.803,0.0018,1.067,6188.5939,24.8093,0.105491,0.048948,-0.339459,0.317449,0.27413478,0.270771,0.325643,-0.497841,0.36244,0.128045
392,0.0,100000.0,0.0,0.0,100000.0,0.0,-0.063514,0.137656,0.431927,0.333835,0.393384,0.333623,0.321609,0.170404,-0.253498,-0.374552
393,0.0,100000.0,0.0,0.0,100000.0,0.0,0.4478035275000001,-0.26672606100000007,-0.266069,0.238834,0.21354921000000002,0.301216,0.308162,-0.30256497000000004,-0.232557561,0.39794
394,0.2671,1881.7008,0.0198,1.47,1987.0486,-13.7626,0.458352,0.067724,0.365935,0.351625,0.364529,0.396129,0.364196,0.408019,-0.011369,-0.151158
395,0.0,100000.0,0.0,0.0,100000.0,0.0,-0.2653247662436465,-0.023774,0.266339,0.372988,0.22903794900000005,0.209512,0.344796,-0.7330398628340186,0.260893,0.364262
396,0.0,100000.0,0.0,0.0,100000.0,0.0,-0.333933,0.9731545964951793,-0.215872,0.309919,0.317169,0.21427559999999998,0.210935,0.191843,-0.006956649571214004,0.44344
397,0.1882,87.3488,0.0147,32.9318,81.2969,-13.0318,0.03444565123908878,0.287307,0.428371,0.333384,0.20765322,0.320826,0.284185,-0.8909623247828055,0.258133,-0.29972
398,0.0,100000.0,0.0,0.0,100000.0,0.0,0.33452871291000014,-0.359731,-0.481524,0.312355,0.23674493700000004,0.388368,0.231049,0.5420219720300002,0.486524,-0.050579
399,0.1328,31.6387,0.0113,87.6451,27.0623,-12.1156,0.11660205,0.5461073377490476,-0.131614,0.288294,0.2885769,0.21641490000000002,0.359047,0.069124,0.23508397755828678,0.260058
400,0.0497,446.1969,0.0034,8.0243,399.2261,-14.6106,0.128352,0.078863,-0.001394,0.30564,0.276983,0.261684,0.301589,0.251567,-0.48268,-0.039165
401,0.0996,524.4092,0.0075,4.9859,573.7031,-13.5814,0.49858897936250207,-0.108537,-0.170071,0.229698,0.20931335226000006,0.307508,0.294181,-1.2967609441205976,0.061724,-0.041108
402,0.0,100000.0,0.0,0.0,100000.0,0.0,0.086099,0.295796,-0.079113,0.264538,0.251366,0.228653,0.247359,0.013932,-0.384275,-0.448157
403,0.1421,123.9182,0.0138,17.2371,100.1134,10.177,-0.444874,0.021611,-0.30615570000000003,0.314428,0.32616,0.333971,0.22990465710000002,0.374657,-0.040683,-0.18714060000000002
404,0.097,1081.6946,0.0044,6.4539,865.8113,21.7636,0.397279,-0.214273,-0.27570981933000005,0.297664,0.356035,0.270226,0.21617199,0.312561,0.082934,-0.26805352599000004
405,0.0,100000.0,0.0,0.0,100000.0,0.0,0.211109,-0.10023092201042284,0.339844,0.218499,0.294224,0.2277907029,0.235552,0.218621,-0.014553328512207522,0.19381
406,0.0434,32.5714,0.0038,62.941,33.0856,11.2473,-0.13421,-0.181282,-0.110428,0.287684,0.25034,0.237247,0.395392,0.251842,0.043047,-0.051796
407,0.0468,944.5159,0.0013,11.6269,827.9941,-33.8811,0.74912326699009,-0.020175,0.396745,0.297295,0.22718630358000003,0.397832,0.215715,0.48148378487814275,0.421542,-0.334205
408,0.0,100000.0,0.0,0.0,100000.0,0.0,0.222433,-0.229515,-0.203805,0.209922,0.309843,0.231579,0.261039,-0.305877,-0.349633,-0.355393
409,0.3299,176.9577,0.016,45.0698,117.5734,20.897,0.35138,0.42844048537500007,-0.443225,0.246706,0.239602,0.28128756600000004,0.291442,0.100743,-0.018878184,0.031414
410,0.0,100000.0,0.0,0.0,100000.0,0.0,0.118627,0.34760061000000003,0.16405,0.266341,0.27483,0.2516508,0.254458,-0.040871,-0.17958186,0.217365
411,0.0993,573.4921,0.0052,7.1581,662.1956,19.2201,-0.15776893479486007,0.383248,0.195663,0.243909,0.207695016,0.315093,0.208534,-1.1559710471408937,0.191166,-0.485798
412,0.1422,172.8072,0.0095,17.0289,185.1043,14.4564,-0.03781475,0.389171,0.095038,0.230408,0.33909,0.2506923,0.206135,-0.2492937,-0.175252,0.1407
413,0.1306,104.718,0.0123,14.2617,135.6274,10.8028,0.294785,-0.306558,0.435442,0.35344,0.253596,0.320067,0.369483,0.487249,0.459931,0.051565
414,0.1905,187.4204,0.0109,19.0803,213.8505,17.241,-0.271209,-0.403816,-0.279956,0.346737,0.245255,0.284132,0.328572,-0.073006,0.13377,0.129989
415,0.049,309.3139,0.002,19.7638,324.6441,24.2486,-0.12721410685550724,0.7030103572544693,-0.344047,0.31526,0.215853,0.2009,0.323793,-0.9855181950766579,0.28322458594163213,0.441513
416,0.0906,60.1384,0.0081,32.7953,63.8399,11.2809,0.237156,-0.440022,-0.221792,0.254162,0.324786,0.357051,0.241457,0.280941,-0.371658,-0.292686
417,0.0,100000.0,0.0,0.0,100000.0,0.0,-0.358891,-0.2804361963534397,0.008226,0.225683,0.382156,0.221015304,0.324039,-0.33357,-0.10418167416420003,0.111773
418,0.0,100000.0,0.0,0.0,100000.0,0.0,-0.245543,-0.202215,0.190493,0.228303,0.309484,0.215639,0.221783,-0.016891,0.246182,0.133329
419,0.0,100000.0,0.0,0.0,100000.0,0.0,-0.062987,1.1338038254386655,0.073514,0.28418,0.254992,0.218106,0.316056,0.283073,-0.010352049906450058,0.168016
420,0.0,100000.0,0.0,0.0,100000.0,0.0,-0.26447189151295336,0.300765,0.388923,0.277103,0.20987727021000005,0.354454,0.224423,0.42695787558699017,0.469544,-0.396205
421,0.0495,46.7037,0.005,33.8564,53.5677,10.4408,0.077319,-7.965218925916292e-19,0.350741,0.277126,0.210382,0.22400179101000003,0.369313,-0.028206,-1.3217510820640607e-37,0.486711
422,0.0,100000.0,0.0,0.0,100000.0,0.0,-0.009055166080841419,0.221572,-0.261229,0.216863,0.21308670000000002,0.373955,0.398393,-0.768734385644577,0.491596,0.270661
423,0.048,8.3261,0.0032,452.4163,7.3042,-14.9136,-0.1026285595899194,0.134764,-0.017094,0.272808,0.2115794166840001,0.215313,0.346926,-0.7225573298645204,0.229479,-0.304826
424,0.0,100000.0,0.0,0.0,100000.0,0.0,0.3699445009366748,-0.049632,0.20184,0.325622,0.21732729300000003,0.253666,0.260866,-0.8198069660292604,0.386613,-0.388984
425,0.0,100000.0,0.0,0.0,100000.0,0.0,0.369162,0.534194159625,-0.076294,0.394352,0.280359,0.237635,0.240578,0.130199,-0.279774891,-0.16562
426,0.0443,19.6285,0.0025,100.9657,22.1117,17.3135,-0.045341,-9.638548012884322e-19,0.382805,0.267932,0.36311,0.21463189569,0.297043,-0.137495,-1.715332767436545e-38,0.295182
427,0.0,100000.0,0.0,0.0,100000.0,0.0,-0.04783,1.2679386283668683,-0.083429,0.239052,0.329886,0.217837593,0.39783,-0.401149,-0.0021305540933939993,0.32778
428,0.0,100000.0,0.0,0.0,100000.0,0.0,-0.035966935373298495,0.492855,-0.068652,0.257037,0.21013425000000002,0.398595,0.272665,-1.281764132102951,0.137841,-0.007299
429,0.0939,517.9493,0.0039,9.9794,636.9566,-24.0694,-0.299617,0.3064299,-0.494246,0.26106,0.23771377800000004,0.2772792,0.393133,0.455238,0.541365,0.449099
430,0.0,100000.0,0.0,0.0,100000.0,0.0,-0.06212,-0.07588505,0.044046,0.363059,0.277955,0.28650647700000004,0.314115,-0.056545,-0.3861036,-0.074862
431,0.1853,1049.5622,0.0116,3.2683,1105.8657,-15.8431,0.05961212882217458,0.6617941712618907,-0.125459,0.333785,0.22266374067000003,0.21964718970000002,0.289369,-1.0404893158614177,0.20944634234700013,0.294863
432,0.0415,468.4597,0.0042,3.514,501.3547,10.2852,0.27492,0.25829,0.137455,0.355449,0.282202,0.257053,0.37122,-0.144619,-0.074016,-0.203438
433,0.0488,1276.8866,0.0007,17.5044,1279.3509,-72.1826,-0.322251,0.00042,0.422682,0.323955,0.206524,0.351751,0.267711,-0.115374,-0.347496,-0.46509
434,0.0892,3923.6637,0.0026,2.1232,4823.872,35.7268,-0.2303261225,0.8570795518406688,-0.40207,0.35411,0.2874312,0.2260218573,0.345127,-0.21169512,-0.01390765559836,0.262342
435,0.0,100000.0,0.0,0.0,100000.0,0.0,0.016832,-0.357526232375,-0.169335,0.381847,0.295522,0.2760903,0.3182508,0.48866,-0.279250011,-0.069798
436,0.0895,6868.8844,0.003,1.0026,8445.5109,-30.402,0.12975,0.213492,-0.16762074292800005,0.384813,0.38842,0.339269,0.22485918249000003,0.399413,0.356427,-0.21687575769000006
437,0.0,100000.0,0.0,0.0,100000.0,0.0,-0.167711,0.313348,0.06080130000000001,0.382382,0.347871,0.225296,0.3479319,0.228633,-0.227945,-0.3518424
438,0.0,100000.0,0.0,0.0,100000.0,0.0,-0.060685057111304404,0.170176,0.043163,0.217144,0.217278,0.373611,0.275315,-0.8600056869831907,0.403275,-0.402408
439,0.0,100000.0,0.0,0.0,100000.0,0.0,-0.107893,0.046886,-0.43626,0.249251,0.318084,0.310194,0.202458,0.390013,-0.017588,0.086732
440,0.1291,41.236,0.0133,34.9018,49.5684,10.1901,0.377112,0.4664772645750001,0.016705,0.25722,0.307628,0.30866427,0.221361,0.183252,-0.24896633040000005,-0.123597
441,0.0,100000.0,0.0,0.0,100000.0,0.0,-0.246793,0.159122,0.147334,0.305231,0.395491,0.209207,0.238393,0.394098,-0.086442,-0.4665
442,0.0484,17150.984,0.0004,2.2272,15719.2246,-110.0317,-0.05978475874999999,0.8992744784265297,-0.374938,0.222293,0.34170300000000003,0.22546001700000004,0.33578,-0.077752953,-0.0016591942770979391,0.328763
443,0.1738,148.1749,0.0167,11.1189,159.8531,-10.3322,0.14395477135378779,0.452861,-0.405415,0.333605,0.220709,0.352533,0.257844,-0.8001223428280768,0.48459,0.008899
444,0.1359,55.9794,0.0112,57.4431,41.2384,-12.1066,0.8181579353485201,-0.371284,-0.33614,0.234762,0.229374,0.351615,0.289692,-0.8406280407047207,0.377575,0.074778
445,0.0487,1083.9973,0.0014,8.2459,1160.082,33.6978,0.356977,0.189473,0.249486,0.247238,0.323122,0.240198,0.271216,0.274221,0.236797,-0.308853
446,0.0,100000.0,0.0,0.0,100000.0,0.0,0.314315,-0.3657091725,-0.412456,0.364476,0.277102,0.21268623114000004,0.330041,-0.044414,-0.3051756,0.457344
447,0.0,100000.0,0.0,0.0,100000.0,0.0,-0.321875,-0.233466,0.22198,0.252942,0.205138,0.334835,0.220602,0.154544,0.476399,0.0898
448,0.0,100000.0,0.0,0.0,100000.0,0.0,1.0597403398404672,-0.159873,0.203383,0.276841,0.20569,0.231134,0.359909,-0.8234459937974548,0.126601,-0.349716
449,0.0437,880.5672,0.0014,12.2183,707.8074,-30.9446,0.21999737995611096,0.844404034769097,-0.446714,0.362585,0.2531489679,0.21979986417000003,0.377085,-0.19155115011480303,-0.05328279252413586,0.246244
450,0.0,100000.0,0.0,0.0,100000.0,0.0,-0.014313600000000001,-0.3277717877890515,-0.441438,0.303562,0.2803952700000001,0.22789489158000006,0.333287,-0.2398671,-0.013084794042494439,0.377904
451,0.1832,55.2794,0.0176,25.7892,71.1585,10.5054,0.02958377313820312,0.338698,0.367779,0.286995,0.21691719,0.350193,0.355341,-0.8722156574230003,0.40313,-0.37579
452,0.1897,516.5462,0.0145,3.7362,749.0914,13.3962,-0.117431,-0.37516923510874994,-0.206493,0.241402,0.334573,0.218081,0.322683,-0.103624,-0.14210909487,0.194044
453,0.0477,8482.4616,0.0007,2.5917,8341.1337,-69.8541,0.258557,-0.1883616,-0.493874,0.278166,0.28524,0.3531672,0.217256,0.169222,0.09722460000000001,0.253512
454,0.0426,162.9578,0.003,20.8474,154.0681,14.6358,0.052054,-0.022501,-0.063453,0.314427,0.301948,0.255218,0.334626,0.466825,0.126629,-0.307213
455,0.2768,112.0017,0.0198,29.6071,100.8204,13.955,0.10317473405804085,0.339562,-0.25054431651000003,0.342497,0.2214672111,0.363622,0.293517,-0.8500715716902744,0.375364,-0.10749043764000003
456,0.0,100000.0,0.0,0.0,100000.0,0.0,-0.387991,-0.267449,0.282768,0.364169,0.28362,0.220877,0.233219,0.438856,0.248005,-0.355743
457,0.0,100000.0,0.0,0.0,100000.0,0.0,0.111266,0.06258,0.214942,0.360545,0.269514,0.237626,0.358301,-0.15612,0.206692,-0.477628
458,0.0845,26.5244,0.0077,47.631,42.5558,11.0809,-0.148059,-0.199775,-0.059307066,0.31147,0.374988,0.253217,0.32886,-0.35978,-0.369543,-0.30701106
459,0.2346,43.8871,0.021,22.9199,90.0215,11.1898,-0.2246788516214265,0.354451,-0.42544,0.30686,0.2108115,0.320179,0.27809001,-0.9239179565836002,0.43227,-0.059002
460,0.095,115.5111,0.0064,30.7402,106.1269,-14.7871,0.6122832247936031,-0.373209,-0.429926,0.28595,0.206235,0.305534,0.314026,-1.1533611944405946,0.175674,0.191726
461,0.0,100000.0,0.0,0.0,100000.0,0.0,0.302784,0.062104,0.34925,0.200152,0.217979,0.208284,0.390356,-0.244858,0.216194,-0.148296
462,0.0,100000.0,0.0,0.0,100000.0,0.0,0.053078,0.167186,0.174797,0.237425,0.225216,0.279472,0.261104,-0.421508,-0.204264,-0.226406
463,0.0453,240.5186,0.0037,12.3265,179.1165,11.6237,-0.140384,-0.3613003113874999,-0.273933,0.386583,0.256195,0.24288093,0.385493,-0.282728,-0.2131609851,0.09349
464,0.0,100000.0,0.0,0.0,100000.0,0.0,-0.15196886137499996,0.54609908037512,-0.211855,0.384308,0.28657079999999996,0.2112143364,0.278687,0.24876256900000007,0.33661045996450706,0.439465
465,0.1441,170.7468,0.0101,17.2135,182.974,-14.4489,0.074405,0.248366,-0.037841,0.267756,0.269001,0.222953,0.269606,-0.38301,0.037049,0.034202
466,0.0,100000.0,0.0,0.0,100000.0,0.0,0.5527540732329002,-2.220313141464182e-19,0.302391,0.261203,0.22789170000000003,0.204305,0.353682,-0.1869499961154,-9.392194200507329e-38,0.290207
467,0.0955,3596.1686,0.0016,6.2532,2933.835,-60.0376,-0.337016,0.093673,0.170736,0.230723,0.362081,0.33021269999999997,0.228956,-0.018084,-0.287664,0.214018
468,0.0455,26.472,0.0039,86.8968,25.6157,-11.6778,-0.19931225149999998,-0.020398,-0.032312,0.244757,0.24878016000000003,0.223283,0.358898,-0.4993539320000001,0.444851,-0.36451
469,0.0909,84.6879,0.0079,28.7267,71.101,-11.1275,-0.3307334625,-0.481556,-0.23448447,0.335534,0.24483384,0.395752,0.2501622,-0.046205060000000006,0.148742,-0.19702521000000003
470,0.0,100000.0,0.0,0.0,100000.0,0.0,-0.07176905804126392,0.26416,0.46975,0.285273,0.213171,0.204656,0.237335,-0.7224958003753548,0.345862,0.425361
471,0.1958,68.0466,0.0093,66.2001,81.3194,21.15,-0.07000195335482529,-0.461613,0.335353,0.286679,0.21572371170000001,0.217648,0.275816,-0.9369389179425779,0.26549,0.038446
472,0.0489,291.8122,0.0013,33.4089,332.0314,38.2784,0.1502984265742969,-0.41815,0.390667,0.226411,0.21918595140000002,0.353292,0.275452,0.44360241752200025,0.465626,0.428569
473,0.048,42.5299,0.0036,61.685,48.6007,-13.9938,0.091984,-0.014902650000000002,-0.3173785335,0.210387,0.235581,0.23107518,0.288601,-0.149318,-0.4411476,-0.21993849810000002
474,0.0,100000.0,0.0,0.0,100000.0,0.0,0.7837548012278822,-0.320415,0.489601,0.379696,0.28702625400000004,0.34069,0.209944,0.3995470397835975,0.438753,-0.029839
475,0.1007,30.7818,0.0067,104.0915,33.8594,-15.5734,0.466496,0.179563,-0.312968,0.222323,0.211453,0.202089,0.222144,-0.443732,-0.113643,-0.266867
476,0.0,100000.0,0.0,0.0,100000.0,0.0,-0.46099,-0.04518076304377832,0.196288,0.365138,0.285359,0.2096285427,0.331727,0.196941,-0.08108445742377891,0.174323
477,0.0,100000.0,0.0,0.0,100000.0,0.0,0.359211,-0.492648,-0.076412,0.231888,0.342383,0.339336,0.236553,0.415441,0.139893,0.074093
478,0.0,100000.0,0.0,0.0,100000.0,0.0,0.333026,-3.2071783142861566e-19,0.48199,0.346033,0.327157,0.21797820252,0.368957,0.254505,-8.126558907893548e-38,0.443126
479,0.138,1428.697,0.0041,7.5357,1260.1126,-33.4877,0.07261385830084285,0.432583,-0.124445,0.309677,0.20865276,0.369678,0.297989,-1.2417592847521348,0.052642,-0.158709
480,0.0492,39.0803,0.0036,73.5493,39.8299,-13.7884,0.235351,0.323201,-0.22436848530000003,0.274778,0.28978,0.24625,0.267852825,-0.252604,-0.04295,-0.25068131019000006
481,0.0,100000.0,0.0,0.0,100000.0,0.0,-0.368331,-0.008384,0.486585,0.231272,0.299101,0.279407,0.234215,0.320643,0.228173,-0.404041
482,0.1884,140.8318,0.015,24.8235,99.7315,-12.4271,-0.019941,0.052876629876437486,0.266323,0.240994,0.380793,0.23368338,0.307406,0.408986,-0.26399809971900007,0.001288
483,0.0,100000.0,0.0,0.0,100000.0,0.0,-0.057134,-0.320012,0.03048,0.309018,0.284948,0.22764,0.334665,0.36441,0.168343,-0.077366
484,0.1804,964.354,0.0153,2.3275,1068.9095,-12.4636,0.8739329285729316,-0.30487539091874993,-0.149424,0.353984,0.22254741414,0.28048599,0.375463,-1.0386351532239249,0.18511055530000006,0.354979
485,0.0,100000.0,0.0,0.0,100000.0,0.0,-0.2784393,1.9653022440055176e-19,0.427134,0.287775,0.3038445,0.22358372409000002,0.330186,-0.237033,-1.434931829384207e-37,0.296754
486,0.1457,289.7054,0.0098,14.6907,217.7876,-14.5984,0.1212606847683109,0.457417,0.141268,0.252793,0.21226816422000003,0.281603,0.356175,-0.9447088193235007,0.256096,0.032821
487,0.0,100000.0,0.0,0.0,100000.0,0.0,0.205171,0.7977262213764627,-0.408566,0.283614,0.209391,0.22006840590000004,0.205556,0.130187,-0.0030191717449818915,0.498237
488,0.0,100000.0,0.0,0.0,100000.0,0.0,-0.246947,-0.128519,-0.480176,0.305401,0.211211,0.291914,0.314644,0.310118,0.42642,0.332377
489,0.1717,65.6809,0.0151,39.499,52.8711,11.2651,0.309982,-0.09384005,0.278507,0.273486,0.339747,0.291688,0.219822,0.081626,-0.3980043,-0.221516
490,0.0475,917.5143,0.0036,3.0696,848.774,-12.8163,0.8820029580759825,0.36436,0.182374,0.258669,0.21353795100000003,0.370383,0.206787,-1.3914206516050684,0.035009,-0.006989
491,0.0959,250.8372,0.0062,12.0766,293.0198,15.616,0.205814,-1.7929346762259515e-19,0.366792,0.293752,0.2186829,0.22076846460000002,0.335098,-0.454647,-1.0636900834831343e-37,0.327774
492,0.0,100000.0,0.0,0.0,100000.0,0.0,0.350978,-0.462062,-0.107255,0.232608,0.356752,0.393863,0.269868,0.16264,-0.377404,-0.400321
493,0.0,100000.0,0.0,0.0,100000.0,0.0,0.03992754999999999,0.321329,0.113341,0.211515,0.22654325997000005,0.38518,0.300573,0.07837720000000001,0.200906,0.012678
494,0.0,100000.0,0.0,0.0,100000.0,0.0,-0.479825,-0.307436,-0.25296219591300007,0.390262,0.208003,0.281114,0.21587148000000003,-0.263697,-0.495786,-0.13750982730900002
495,0.0,100000.0,0.0,0.0,100000.0,0.0,-0.41933665,0.211477,-0.2935043667,0.277732,0.30896964000000005,0.221972,0.23683832189999998,0.1834195,0.250443,-0.25082768610000006
496,0.0449,178.7955,0.0032,17.4483,181.0521,-14.4772,-0.12932,-0.28615026,-0.148598,0.271984,0.31581,0.20957040000000002,0.252556,-0.292289,-0.37612107,0.248491
497,0.0999,603.2185,0.0042,10.8064,595.606,-24.3091,0.411438,-0.2393574476660746,0.039652,0.225811,0.292973,0.21417801299999997,0.266295,0.408522,-0.08659536676686004,0.221871
498,0.0851,146.3936,0.0026,44.9551,204.807,-32.6213,0.5258575183677259,-0.31715655,0.239283,0.391476,0.2226906,0.330043,0.370824,-0.14483990824653173,-0.0775791,-0.158784
499,0.1623,305.7134,0.0139,9.5355,231.4217,-11.6201,-0.406275,-0.336705,0.06982,0.393092,0.367554,0.315276,0.258455,0.269161,0.258238,-0.475626
