0,0.0441,195.3385,0.0035,14.2613,189.8479,-13.1224,-0.324938,0.25428,0.271936,0.210636,0.258597,0.393681,0.367537,-0.266566,0.323456,-0.10135
1,0,100000,0,0,100000,0,-0.36408,0.245856,0.380328,0.203785,0.254418,0.212161,0.303393,0.133519,0.15052,-0.173055
2,0.0965,377.2571,0.003,18.4542,464.6814,30.7259,-0.067303,0.234525,-0.048833,0.315144,0.248193,0.215809,0.224947,0.167925,0.350814,-0.330242
3,0,100000,0,0,100000,0,0.097412,-0.077429,-0.341262,0.222888,0.356728,0.392367,0.213269242,0.146413,-0.316811,-0.2795859
4,0,100000,0,0,100000,0,-0.130936,0.157271,0.057934,0.233828,0.280326,0.24084945,0.263366,0.186686,-0.336586,0.277063
5,0.0452,51.3299,0.004,37.5455,50.6395,10.7038,0.09615,0.04819,0.23906,0.302374,0.293686,0.285587,0.289179,-0.326187,0.086115,0.353795
6,0.1368,339.6165,0.0104,10.4332,266.9526,13.3555,0.08568,0.015153,-0.051124,0.312487,0.324529,0.285246,0.342433,-0.015615,0.111631,0.386781
7,0,100000,0,0,100000,0,0.28462,-0.114298,0.020432,0.225877,0.211312,0.2483388,0.211485,-0.230074,-0.385896,0.340032
8,0.1864,309.0805,0.0117,10.1938,343.8981,15.5168,0.074183,-0.179662,-0.173676,0.23698,0.384238,0.305727,0.336232,-0.170543,-0.295008,-0.065917
9,0,100000,0,0,100000,0,-0.142422,1.276506219,0.03469,0.290364,0.290774,0.21480552,0.397192,0.137814,-0.001805978,0.211018
10,0,100000,0,0,100000,0,0.288568,0.225878,-0.27455112,0.3941,0.3439341,0.299719,0.3161412,-0.140935,0.240323,0.00379566
11,0,100000,0,0,100000,0,0.032049,-0.2531731,0.13522,0.309336,0.319785,0.25896753,0.252245,0.33901,0.0740597,0.229711
12,0.0413,128.6847,0.0042,11.9837,148.8518,10.3514,-0.22612565,0.197309,0.340327,0.266111,0.344603,0.38661,0.31372,-0.1035683,0.202892,0.01547
13,0.0854,263.4316,0.0043,23.2526,206.9092,19.4335,0.167873,-0.381653,-0.08054,0.348989,0.246234,0.248052,0.326556,0.20598,0.185429,0.206041
14,0.1836,65.741,0.0168,46.6114,45.9936,-11.4315,0.09664,0.333006,-0.146809,0.35256,0.2349162,0.399675,0.231904,-0.006077,0.117037,-0.023967
15,0.1348,599.2522,0.006,7.2113,815.7693,22.6483,0.180822,0.929384216,-0.379492,0.327191,0.314469,0.219059397,0.383395,-0.345343,-0.013754518,0.308622
16,0.2203,100.9863,0.0228,16.4146,102.3629,-10.0407,-0.3450229,0.059928,-0.047199,0.269102,0.256133,0.228465,0.38839,-0.1592998,0.095941,0.23323
17,0,100000,0,0,100000,0,0.029764,1.163594559,0.026496,0.391087,0.259091,0.2217033,0.312439,-0.003037,-0.011445776,0.211913
18,0.0452,66.3974,0.0045,24.8965,75.3387,-10.627,-0.132783,0.136665506,-0.280717,0.288642,0.363491,0.232426902,0.287525,-0.253213,-0.215977032,-0.058802
19,0.0469,160.3304,0.0034,18.5178,160.6454,-13.9244,0.131911,-0.156864,-0.062877,0.281266,0.274576,0.258136,0.322177,-0.208592,-0.138357,0.135551
20,0.1807,125.4748,0.012,23.2046,147.3105,15.2548,-0.3291446,0.427918375,-0.2579,0.257548,0.290232,0.217218964,0.392029,0.0219461,0.315125561,0.306336
21,0.0939,73.8817,0.0067,48.1142,59.9993,-13.6604,0.181411,-0.051101265,0.256432,0.331087,0.215527,0.229590779,0.258345,-0.318825,-0.117299016,0.152013
22,0,100000,0,0,100000,0,0.017757,0.0095,0.008058,0.304517,0.314694,0.218843,0.278791,0.261743,-0.237561,-0.024927
23,0,100000,0,0,100000,0,0.124951,0.014419,-0.406478,0.388288,0.244969,0.294159,0.204488,0.263079,0.270983,0.250912
24,0.0483,3732.6864,0.0011,3.4858,3711.9141,43.8168,-0.043886,-0.432099,0.389692,0.291122,0.315667,0.254381,0.287478,0.422612,0.358621,-0.059404
25,0,100000,0,0,100000,0,0.213789,-0.417781,-0.210028,0.337103,0.2696391,0.309506,0.217698,-0.202776,0.401591,-0.158621
26,0.0494,193.0292,0.0026,26.8877,169.9552,-18.7091,-0.396736,0.119639,-0.30986,0.282925,0.242257,0.215902,0.343245,0.420672,0.220594,0.04639
27,0.1302,44.6806,0.0127,36.8298,47.1697,-10.2117,0.16651215,-0.137599805,0.268483,0.334573,0.369781,0.207096653,0.345546,-0.4480497,-0.12016264,-0.003933
28,0.19,59.3513,0.0141,29.4129,102.3756,-14.0335,-0.082357,-0.332480097,-0.178015,0.295626,0.243177,0.22008996,0.394093,0.497051,-0.31315167,-0.096726
29,0,100000,0,0,100000,0,0.450492,-0.207037,-0.098388,0.255574,0.334206,0.282888,0.214465,0.2134737,0.426595,0.094713
30,0.0976,103.4399,0.008,18.892,133.444,12.5631,0.272523,0.418603334,-0.17498,0.264937,0.293123,0.22673115,0.270684,-0.055519,-0.046249531,0.07345
31,0,100000,0,0,100000,0,-0.19863455,-0.040074662,-0.389838,0.339618,0.370459,0.317161,0.345706,-0.4656146,0.262470538,0.28803
32,0,100000,0,0,100000,0,-0.19863455,-0.040074662,-0.389838,0.339618,0.370459,0.317161,0.345706,-0.4656146,0.262470538,0.28803
33,0,100000,0,0,100000,0,0.039254,-0.242769,0.078957,0.215455,0.214673,0.225134,0.227922,0.390361,0.203595,0.34867
34,0.2546,145.4325,0.0243,17.9468,103.7139,10.584,-0.40860735,0.441308,-0.07887213,0.392276,0.339253,0.386227,0.21179394,-0.1639287,-0.213943,-0.35623719
35,0,100000,0,0,100000,0,0.012594,0.370185,0.205697,0.248269,0.3074724,0.300534,0.203731,-0.331719,0.250927,0.11143
36,0.0439,18737.6172,0.0007,0.9653,18372.4315,-58.2042,0.335422,0.768867302,-0.335713,0.369703,0.38204,0.21506877,0.297827,0.493128,-0.027111594,0.201191
37,0.2209,389.539,0.0186,5.3267,428.73,-11.8512,-0.378367,0.25394,0.24537,0.363973,0.2072619,0.212101,0.316222,-0.145853,0.343069,0.182893
38,0.0463,862.4541,0.0017,9.0525,872.4423,-28.6934,-0.34504,0.253906,0.005857,0.344882,0.2594043,0.338524,0.222423,-0.104651,-0.016894,-0.107746
39,0.0472,59.7381,0.0045,30.6751,57.7001,-10.3099,-0.25479,-0.288324624,0.334468,0.275008,0.262609,0.3074967,0.371387,0.481549,-0.3051134,-0.399956
40,0,100000,0,0,100000,0,0.3880422,-0.101506348,-0.435585,0.34115,0.309775,0.32277366,0.355498,0.0456005,0.144948562,0.162271
41,0.4085,124.0393,0.0386,5.9574,321.9585,10.7541,0.322118,-0.0801819,0.134836,0.226057,0.324915,0.2972052,0.331343,0.114578,-0.1163025,0.011358
42,0.0469,204.8313,0.0018,38.7878,183.7609,-26.383,0.025753,-0.058387728,-0.196644,0.321288,0.294526,0.209703076,0.290414,0.360238,-0.113793998,0.397046
43,0,100000,0,0,100000,0,-0.335918,-0.462024,0.384266,0.366182,0.39584,0.298807,0.308585,0.283669,0.334909,0.291657
44,0,100000,0,0,100000,0,0.430534,0.194103,0.057064,0.286548,0.273625,0.254208,0.214484,0.111614,0.156707,0.351045
45,0.0468,215.6899,0.004,9.8478,219.9176,11.4971,0.225321,-0.182309,0.455086,0.350687,0.37745,0.208046,0.201836,0.383057,0.422856,0.114267
46,0,100000,0,0,100000,0,0.200737,-0.30922,-0.189598072,0.371025,0.297072,0.231705,0.2231874,0.024254,-0.137922,-0.23103807
47,0,100000,0,0,100000,0,0.196394,0.470726,0.114624,0.332867,0.2675844,0.2088,0.229116,-0.090726,0.434437,-0.15862
48,0,100000,0,0,100000,0,-0.053341,-0.206467,-0.447848,0.246509,0.301879,0.234118,0.254635,0.340445,0.005426,0.103438
49,0.0902,1168.6123,0.0018,9.9346,1486.6632,-49.3081,-0.090454,0.146417,-0.089014,0.354234,0.302062,0.288053,0.293087,0.053003,0.193992,0.162666
50,0.0442,85.3595,0.003,47.4615,65.2341,-14.2883,-0.199261,-0.18522,0.187277,0.368901,0.269234,0.241629,0.380744,-0.415751,0.174753,-0.153123
51,0,100000,0,0,100000,0,0.391182,0.467362,0.0959,0.235201,0.237643,0.366733,0.305609,0.077603,0.394019,0.194276
52,0,100000,0,0,100000,0,0.318877,-0.054622,0.179119,0.377803,0.228048,0.219597,0.292481,0.154084,0.303833,0.472548
53,0.0469,55354.0479,0.0004,0.6224,55563.8519,-108.7477,-0.069457,-0.19813,-0.119652,0.378969,0.246953,0.370361,0.260061,-0.092054,0.11059,0.354603
54,0,100000,0,0,100000,0,-0.3494176,0.295383,-0.166791,0.397424,0.327139,0.379633,0.24034482,0.3975158,0.37682,-0.189262
55,0.1219,588.3721,0.0113,3.5231,564.4348,-10.9656,-0.23501005,0.2265,0.240346,0.31362,0.379918,0.232402,0.338302,-0.1278552,0.161803,0.044911
56,0,100000,0,0,100000,0,-0.10387015,0.044073,-0.183168,0.267705,0.361959,0.297257,0.321399,-0.2759933,0.314421,0.013867
57,0.14,64.0884,0.0141,22.0454,79.4528,10.2547,-0.411381,-0.064177966,0.392156,0.2552,0.2753847,0.216031,0.35799,-0.023243,0.17709902,0.251902
58,0,100000,0,0,100000,0,0.146396,-0.4264,0.019258,0.373925,0.253865,0.226001,0.253882,0.393835,0.053092,0.06898
59,0,100000,0,0,100000,0,-0.404974,-0.195814161,-0.035724,0.373913,0.235252,0.21109653,0.266008,0.0288,-0.183806415,0.333872
60,0.1387,385.3652,0.0126,5.9899,360.4559,-11.4773,0.185194,1.463254843,0.173066,0.349932,0.239771,0.228047,0.387491,-0.434862,-0.018234112,0.199273
61,0,100000,0,0,100000,0,-0.082056,-0.034545328,0.155097,0.389904,0.352101,0.212105189,0.291609,-0.27308,-0.002128482,0.393093
62,0.0471,81.9784,0.0035,34.1504,79.2907,-13.1234,-0.390663,-0.258877,-0.111714,0.25765,0.275952,0.232502,0.273348,-0.239015,0.025304,0.295495
63,0.0446,260.6831,0.0016,25.799,304.7845,28.5894,0.225842,-0.287488,-0.0736164,0.362091,0.331725,0.215204,0.2677419,0.208431,-0.165197,-0.2981826
64,0.3278,296.2548,0.0214,17.6742,191.6176,15.16,-0.247818,-0.300229,-0.029436,0.321771,0.39094,0.233855,0.378806,0.107412,0.419256,0.420223
65,0,100000,0,0,100000,0,-0.02928345,-0.215334,0.497744,0.374868,0.334555,0.239708,0.211635,0.0125334,0.335917,0.137281
66,0.0802,29.1679,0.0081,38.509,43.8085,10.0611,0.1414644,-0.152142,-0.118178,0.272931,0.31885,0.396881,0.218996,0.1253076,0.242981,0.053992
67,0,100000,0,0,100000,0,0.472529,0.290217,0.35875,0.205059,0.353503,0.343478,0.25046,0.137776,-0.284974,-0.135027
68,0,100000,0,0,100000,0,-0.269192,0.033727937,0.468141,0.238913,0.307386,0.22064315,0.202258,0.230999,-0.021718281,0.239201
69,0.0498,68.3301,0.0052,19.958,84.5794,10.0641,-0.3575952,-0.028514,-0.284225866,0.202436,0.219982,0.381526,0.2997666,-0.4480652,0.186428,-0.247662135
70,0,100000,0,0,100000,0,-0.028256,-0.018953,-0.053492,0.350323,0.386431,0.301457,0.279305,0.137581,-0.435754,0.145734
71,0.2034,146.0656,0.0118,27.4467,149.7457,17.3301,-0.2007863,0.48607,0.446455,0.216903,0.275802,0.275398,0.245325,-0.1177398,-0.002108,0.404157
72,0.0447,760.5844,0.0015,8.5213,933.3051,28.8589,-0.192143,-0.18797,-0.185909,0.240744,0.206235,0.2703654,0.365023,-0.259685,0.007223,0.480979
73,0,100000,0,0,100000,0,-0.36447,0.145662,0.173705,0.273887,0.291678,0.207551,0.295458,0.14461,-0.175265,0.149402
74,0,100000,0,0,100000,0,-0.145312,0.451894,-0.133722779,0.376915,0.312143,0.292324,0.226003487,-0.2585528,0.365373,-0.252899486
75,0,100000,0,0,100000,0,-0.041357,0.119585,-0.272084801,0.319991,0.3204171,0.293928,0.212209713,-0.457212,0.44412,-0.222116356
76,0.1347,455.7862,0.0074,11.7911,402.0547,-19.222,-0.024586,0.333918,0.163253,0.35002,0.367766,0.202224,0.36776,-0.003321,0.103316,-0.233198
77,0.0466,2295.8918,0.0014,4.5775,2076.0703,-33.5097,0.47285385,0.025038,0.147929,0.326767,0.331054,0.328813,0.394142,-0.4214903,0.341995,-0.312399
78,0,100000,0,0,100000,0,-0.120483,0.10399,-0.001795,0.387612,0.298317,0.287811,0.212386,0.47212,-0.154575,-0.290353
79,0.1416,288.6331,0.0112,9.009,287.3509,-12.7663,-0.41470255,0.369111,0.309366,0.25315,0.227549,0.300642,0.254511,-0.297583,0.051977,-0.017617
80,0,100000,0,0,100000,0,0.45640455,-0.258064602,0.49933,0.377009,0.213023,0.210124331,0.28251,-0.295966,0.264745887,0.380057
81,0.0448,136.6813,0.0034,19.8348,145.5773,-13.6625,0.212191,1.154758119,-0.056474,0.210846,0.2960154,0.227933864,0.383024,-0.32364,-0.064590029,0.136639
82,0.0939,1859.4626,0.0015,13.0544,1424.6258,-60.7931,0.175898,0.325192,0.157502,0.224226,0.305805,0.397084,0.308031,-0.016135,-0.049191,-0.135469
83,0.0468,12.2497,0.0047,120.8314,15.4021,10.5832,-0.108705,-0.2129634,0.471969,0.204561,0.289139,0.2920131,0.326108,0.002286,0.1172798,0.07553
84,0.0485,232.8562,0.0039,10.7588,242.4584,-12.8257,-0.333497,0.39314,0.456441,0.281185,0.253182,0.208597,0.351346,-0.126719,-0.388005,0.021114
85,0.1365,160.7851,0.0094,20.0934,157.2762,-14.4806,-0.283805,-0.133596,-0.188279,0.341252,0.2790909,0.270665,0.302234,-0.413133,0.09772,-0.078813
86,0.0446,50.3156,0.0036,45.3387,54.7692,12.4495,-0.049301,0.632998749,-0.468762,0.265242,0.261115,0.21829986,0.380442,0.123095,-0.003074497,0.121259
87,0.0473,53.2921,0.0031,58.3144,57.4871,-15.057,0.295661,0.043045,-0.364514,0.29966,0.3054195,0.20144,0.236523,-0.284743,0.457202,0.212425
88,0.0455,25065.377,0.0002,2.4335,25169.9767,188.7497,-0.174569,0.415023998,-0.24258,0.219425,0.3150522,0.3468501,0.308088,0.076516,0.5291814,0.47683
89,0.0914,48.9076,0.0065,62.6711,46.5759,-13.7569,0.334078,0.282258,0.073212,0.289564,0.294089,0.204668,0.275277,-0.401651,0.312155,0.389205
90,0,100000,0,0,100000,0,0.371609,0.279149,0.322847,0.214028,0.378035,0.335943,0.339352,0.146911,-0.166814,-0.192495
91,0.0893,3301.7804,0.0027,3.6954,2692.5942,-34.8503,-0.394678,0.263786,-0.051687,0.361269,0.3311352,0.380246,0.33182,-0.458907,0.448102,0.244627
92,0.1808,3254.967,0.0034,4.7675,3468.4925,-54.6077,-0.253827,1.313612233,0.013403,0.312165,0.298852,0.21379545,0.298333,0.492684,-0.02304995,0.424973
93,0,100000,0,0,100000,0,0.076289,-0.419718,0.475757,0.376369,0.3544542,0.267467,0.233212,-0.017107,0.300687,-0.026815
94,0,100000,0,0,100000,0,0.167379,-0.254584,-0.284573665,0.278179,0.318214,0.312191,0.208624491,0.420059,0.144985,-0.292894259
95,0.0444,46.954,0.0045,40.5766,43.825,10.3348,-0.446056,-0.109992608,-0.489985,0.384741,0.347212,0.210037,0.212587,-0.039017,-0.071509182,0.220809
96,0.0934,4527.4911,0.0018,3.6657,4185.3619,51.0273,-0.084657,-0.376927265,0.278195,0.337455,0.399229,0.219133026,0.267456,0.233703,-0.256994829,-0.162455
97,0,100000,0,0,100000,0,0.167308,-0.18512,0.372961,0.209744,0.3089601,0.265354,0.219097,-0.170073,0.021633,-0.306015
98,0.0405,221.3262,0.0036,9.1989,242.7169,-11.6982,-0.441318,0.164426,0.152188,0.393535,0.3120399,0.267823,0.363245,0.016527,0.072753,-0.210048
99,0,100000,0,0,100000,0,-0.366838,0.907828337,-0.462423,0.204967,0.228681,0.21177,0.377828,-0.060177,-0.055475993,0.382005
100,0.0448,419.5851,0.0033,6.9532,422.793,-13.8193,0.22131375,-0.011285,0.189073,0.281581,0.273269,0.357638,0.229225,-0.2594151,-0.015171,0.207947
101,0.0448,114.0087,0.0038,20.5049,116.4778,-12.1651,-0.266241,0.376949,0.293282,0.323175,0.228954,0.247371,0.303433,-0.096352,-0.093983,-0.38943
102,0,100000,0,0,100000,0,0.481104,-0.085093615,0.107449,0.349976,0.269226,0.227119513,0.218467,0.226349,-0.051114878,0.460336
103,0,100000,0,0,100000,0,0.131722,0.088368,0.073973,0.372441,0.272673,0.206342,0.295622,0.3208,0.430654,0.177015
104,0,100000,0,0,100000,0,-0.440699,0.404614,0.213114,0.326466,0.262537,0.285581,0.207494,0.170918,0.192083,0.486283
105,0.0963,273.3265,0.0098,7.0607,253.4186,10.368,0.377878,-0.18375,0.216316,0.238305,0.276764,0.223299,0.33468,0.475411,-0.151387,-0.305346
106,0.0913,523.952,0.0033,14.9456,494.9959,27.1941,0.451019,0.19525,-0.216351,0.295337,0.329224,0.296521,0.226327,0.046575,-0.104588,-0.135053
107,0.189,116.2272,0.013,20.9243,163.1901,-15.2439,0.48658365,0.030286,-0.010445,0.249844,0.285954,0.236447,0.378981,-0.4746148,0.030285,-0.055766
108,0.0475,356.0563,0.0025,14.4578,324.6096,-19.0795,0.340021,-0.265703,0.493756,0.35504,0.279241,0.20391,0.275943,0.261929,0.388976,-0.154011
109,0.0486,7872.0598,0.0007,2.9457,6885.4253,-65.8477,0.097293,-0.282246,-0.038502,0.288352,0.331726,0.209165,0.235404,0.333403,0.159073,-0.008731
110,0.2787,452.2374,0.0244,7.4465,300.7385,-11.7183,0.48757485,-0.423789,0.161158,0.275906,0.350049,0.383809,0.217107,0.4188283,0.391823,-0.227855
111,0.3569,48.7599,0.0305,30.7837,74.045,11.8381,0.433395,-0.431137,-0.251370937,0.35863,0.326165,0.26166,0.2142999,-0.294482,-0.391743,-0.207610379
112,0,100000,0,0,100000,0,0.488093,-0.46655,0.408477,0.367893,0.2667519,0.209902,0.309998,-0.1296,0.105352,-0.295554
113,0.0505,225.2257,0.0018,36.055,219.0595,-28.6946,0.138316,1.144220629,-0.014033,0.300517,0.268592,0.218799873,0.255944,-0.177754,-0.006232732,0.326604
114,0,100000,0,0,100000,0,-0.124059,0.306371,0.188288,0.270413,0.305104,0.28945,0.299909,0.372646,0.188961,0.064347
115,0,100000,0,0,100000,0,0.087994,-0.4303177,-0.17773,0.247832,0.352887,0.302953,0.226967,0.095034,-0.2383263,-0.012385
116,0.2306,108.9258,0.0222,13.7284,132.6637,10.4638,0.465974,-0.074387,0.110734,0.344365,0.26843,0.264082,0.229524,0.2218,-0.310713,-0.447287
117,0,100000,0,0,100000,0,-0.486093,-0.248056,-0.133183,0.218009,0.373201,0.2324529,0.243415,0.344212,-0.196774,0.453646
118,0.0433,36.7826,0.0034,71.2416,37.2422,12.9596,0.10864,-0.42473455,-0.024075,0.244932,0.3120948,0.260419941,0.350376,-0.054231,0.24978635,0.307478
119,0,100000,0,0,100000,0,0.490007,0.496924,0.050689,0.372912,0.34392,0.303692,0.252107,0.229629,0.382967,0.286483
120,0,100000,0,0,100000,0,0.114634,-0.457768,0.233115,0.392685,0.2756,0.38451,0.203484,0.059242,-0.113643,-0.338451
121,0,100000,0,0,100000,0,0.3306051,-0.405286,-0.106993,0.20928,0.293128,0.364624,0.292409,0.0697851,0.200028,-0.062791
122,0.0814,81.0538,0.0076,23.295,79.7017,10.57,0.42291375,-0.131559,-0.246293,0.399186,0.261134,0.383149,0.339067,-0.0465707,0.478478,0.373318
123,0,100000,0,0,100000,0,-0.059765,-0.39776,-0.208848637,0.396381,0.242053,0.271395,0.2274876,0.181784,-0.485951,-0.160939821
124,0.1385,29.7265,0.0111,60.1877,45.9769,-13.3017,-0.093127,0.39193,-0.105702,0.319039,0.2705643,0.229572,0.337403,-0.44695,0.335447,0.252581
125,0,100000,0,0,100000,0,0.391389,0.420431,0.308239,0.232898,0.31473,0.347812,0.364935,0.450556,0.196755,-0.15673
126,0,100000,0,0,100000,0,-0.48755,0.20811,0.353039,0.2137,0.2111085,0.381605,0.200892,-0.190498,0.402433,0.10751
127,0,100000,0,0,100000,0,0.259323,-0.270735,0.215773,0.293891,0.364916,0.394747,0.388843,0.409239,0.194137,0.001327
128,0.1012,4138.8371,0.0018,4.8972,3420.3867,-55.2513,-0.099097,-0.452238,0.113012,0.320228,0.3551643,0.24983,0.229133,-0.252819,0.331252,-0.447939
129,0,100000,0,0,100000,0,0.425173,0.364077,-0.275437341,0.252153,0.281176,0.213692,0.213713,-0.160592,0.023964,-0.302674676
130,0,100000,0,0,100000,0,-0.29175,0.363734119,-0.467304,0.359401,0.2758,0.226719,0.367058,0.357884,0.460797189,0.465261
131,0.1412,49.0036,0.0136,27.8156,67.5613,10.6378,-0.29556875,0.453490223,0.059437,0.255936,0.295593,0.307472,0.312247,-0.0107228,0.37800037,0.430372
132,0.0461,53.9001,0.0021,112.0808,52.6213,-22.6935,-0.269161,-0.100499,0.358926,0.290607,0.223148,0.259551,0.311997,-0.274431,-0.157389,-0.198688
133,0.0492,512.7365,0.0018,15.5452,497.3706,-28.1951,-0.022662,0.04532115,-0.396644,0.301647,0.234106,0.256362327,0.225332,0.155484,0.2258069,0.392006
134,0.1356,128.6337,0.0101,18.1616,158.2862,-13.6242,0.4174452,0.687673739,-0.361681,0.332121,0.293362,0.215480736,0.296217,-0.4209606,-0.000128871,0.180422
135,0,100000,0,0,100000,0,-0.1925973,-0.259813776,0.393404,0.396982,0.330954,0.22115622,0.33887,-0.4880612,0.243771147,0.274313
136,0,100000,0,0,100000,0,0.205295,-0.424951,0.465844,0.369397,0.347185,0.263808,0.271737,0.070462,0.066585,-0.435465
137,0.0451,10513.2052,0.0009,1.4518,10325.7733,-49.9738,-0.439928,0.469638,-0.081276,0.388068,0.347279,0.24554583,0.261943,0.390131,0.047172,0.150194
138,0.0889,464.3136,0.0046,8.0983,593.6684,-19.423,-0.490823,-0.069469,0.263917,0.336706,0.2667924,0.394746,0.289685,-0.361164,-0.103468,-0.328774
139,0.0846,82.1927,0.0064,33.8527,80.8053,-13.2064,-0.061012,1.549753865,0.304539,0.334597,0.338174,0.22538544,0.375377,-0.388499,-0.005875273,0.244297
140,0.1423,520.8726,0.0057,16.6399,410.5851,25.4963,0.113442,0.2715,0.279796,0.263311,0.375312,0.350974,0.217849,-0.154703,-0.18927,0.058574
141,0.1909,317.5238,0.0106,18.129,255.7092,-18.9073,0.428212,-0.138014,-0.080186,0.254471,0.3103848,0.362999,0.22024,-0.112813,-0.17087,-0.194433
142,0.0459,5676.343,0.0008,3.508,5442.5932,62.2782,-0.354201,0.36094136,-0.388298,0.335022,0.262633,0.271166,0.331619,0.490758,0.279745426,0.26121
143,0.0818,36.1096,0.0057,67.8218,44.4149,14.0369,0.016776,-0.289633,0.18294,0.33457,0.344632,0.320827,0.285516,0.053124,-0.310148,-0.323889
144,0.1365,358.7582,0.0087,12.3397,294.738,-15.911,-0.192014,-0.06066244,0.337157,0.294289,0.240116,0.366557,0.338175,0.472842,0.02716813,-0.010151
145,0.0468,1541.102,0.0015,6.1749,1443.7713,-31.7453,-0.199319,0.218708,0.405726,0.302239,0.236087,0.294889,0.287535,0.184502,-0.154676,-0.139404
146,0.1382,45.6033,0.0113,58.031,39.9675,-11.9581,-0.03233705,0.485039261,-0.2989575,0.344042,0.230396,0.32182596,0.2094,-0.3321639,-0.269183396,-0.1897272
147,0.0461,1492.9049,0.0015,6.5311,1337.2043,-31.2001,0.2637285,-0.033884806,0.435624,0.26926,0.347653,0.218150626,0.395238,0.0619487,0.28354394,0.29465
148,0.0432,28.0898,0.0029,107.4394,31.967,15.3035,0.2995083,-0.139724,-0.244668,0.267294,0.347719,0.369829,0.318755,-0.1003475,0.414971,0.434789
149,0.0487,2950.627,0.0017,2.9885,2521.2047,27.6041,0.407,-0.203265,0.392373,0.345119,0.337427,0.227971,0.222756,0.299443,0.033997,0.085504
150,0,100000,0,0,100000,0,0.023531,0.86773798,-0.27951,0.320203,0.250411,0.221543319,0.24943,-0.150728,-0.006590511,0.320653
151,0,100000,0,0,100000,0,-0.159182,0.889943629,-0.314104,0.388564,0.265145,0.223331337,0.285337,0.308583,-0.00452585,0.297358
152,0.0473,58.5163,0.0045,32.2245,53.8407,-10.205,-0.308399,-0.087617265,-0.360359,0.212088,0.251916,0.21567516,0.387072,-0.164929,-0.030509608,0.121359
153,0,100000,0,0,100000,0,0.456649,0.416534,0.278119,0.238772,0.347126,0.289716,0.318751,-0.020277,-0.375386,-0.322633
154,0.0461,257.6831,0.0025,16.6224,281.0413,19.0147,-0.359571,-0.151636,-0.1854756,0.261822,0.335814,0.222505,0.23083947,0.416148,0.064206,-0.3617199
155,0.0887,36.4211,0.0072,76.3082,32.3798,-12.4125,0.430402,-0.023643,-0.329957,0.268583,0.225448,0.305377,0.351,0.170832,0.265193,0.037807
156,0,100000,0,0,100000,0,-0.350612,-0.479205,0.104523,0.358152,0.251003,0.326665,0.329247,0.242595,0.020297,-0.225297
157,0.0816,185.6074,0.008,9.2637,182.3553,-10.0678,-0.27827685,0.462311,0.137379,0.319384,0.259119,0.390411,0.332699,0.1211848,0.315506,0.245844
158,0.1309,34.7292,0.0105,62.1384,39.1978,-12.3071,0.03699965,0.16029,-0.131201,0.22101,0.343903,0.380022,0.35621,-0.4413288,0.409878,-0.040385
159,0.1087,310.9436,0.0036,22.8068,369.4525,-30.278,-0.311479,-0.317002,-0.201712,0.226276,0.208141,0.220285,0.217579,0.057791,0.463358,-0.497002
160,0,100000,0,0,100000,0,-0.247521,-0.134117,0.284865,0.235453,0.314323,0.2662,0.380304,0.447024,0.180726,0.081376
161,0.084,11120.6645,0.001,2.3403,10943.2458,81.8311,-0.019657,-0.088382,0.374444,0.38051,0.37675,0.32519,0.262118,0.29068,0.072751,-0.411508
162,0,100000,0,0,100000,0,0.4809672,-0.360634,-0.182750119,0.381645,0.247798,0.269868,0.21223053,-0.275796,-0.093272,-0.209163587
163,0,100000,0,0,100000,0,0.098099,-0.327983,0.092229,0.330673,0.282522,0.213122,0.321063,-0.159057,-0.170603,-0.357794
164,0.1425,125.5046,0.0113,29.902,89.802,13.0558,-0.237846,0.730270165,-0.384049,0.33353,0.326422,0.22778506,0.358792,-0.09167,-0.013198669,0.125711
165,0,100000,0,0,100000,0,0.030302,-0.343222,0.028823,0.210348,0.309958,0.326446,0.350301,0.255352,0.223518,0.054519
166,0,100000,0,0,100000,0,0.101166,-0.285825,-0.311579,0.318758,0.296128,0.243977,0.214171,0.352113,0.009785,0.416384
167,0,100000,0,0,100000,0,0.26041365,-0.4549275,-0.449057,0.320557,0.356821,0.286915446,0.363564,-0.3741777,-0.263617588,0.160539
168,0,100000,0,0,100000,0,0.31942365,-0.170667,0.011273,0.33375,0.367073,0.219034,0.20018,-0.3721366,0.338844,-0.332516
169,0.0488,78.3081,0.0035,37.4942,80.3689,-14.0401,-0.179425,1.132345208,0.06063,0.230546,0.25277,0.215802247,0.332707,-0.241676,-0.055306314,0.112612
170,0.0903,83.5639,0.0049,56.4409,78.6812,-18.3225,-0.247991,-0.320501693,-0.0727,0.35592,0.270362,0.217586708,0.309784,-0.39604,-0.261220966,0.007924
171,0.0932,182.3274,0.0059,16.1489,213.9801,15.3666,-0.108482,-0.464457,-0.493636,0.232857,0.348849,0.323063,0.300338,-0.043574,-0.273877,-0.028917
172,0.0465,39.1039,0.0023,95.4212,39.8498,19.7663,0.413018,0.170207,-0.122579,0.257652,0.225842,0.221865,0.240591,-0.059576,0.060767,-0.240707
173,0.0438,195.7456,0.0042,8.285,235.1448,10.8445,0.31035165,-0.209103,0.394765,0.2397,0.301724,0.398,0.384629,-0.1343782,0.40612,-0.011718
174,0,100000,0,0,100000,0,0.321564,0.372189,0.099795,0.324287,0.241569,0.394192,0.317371,0.159598,0.464018,-0.469736
175,0.1355,162.1395,0.009,19.4981,163.4847,-14.5629,0.147161,-0.198021,-0.235107,0.238601,0.2855754,0.225376,0.35954,-0.403616,0.056669,0.194152
176,0,100000,0,0,100000,0,0.17941455,-0.315778,0.113603,0.274759,0.3884,0.258641,0.320701,0.0251328,0.172904,-0.273139
177,0.0472,97.5535,0.0036,28.7071,96.3511,13.2979,-0.33436,-0.301869,-0.357183,0.253561,0.23719,0.254683,0.260895,0.466216,-0.020493,-0.1665018
178,0.0527,1214.2115,0.0011,13.3699,1020.0247,-45.9128,-0.453345,0.42760515,-0.25849287,0.201629,0.245099,0.220059,0.2693322,0.215658,-0.445779,-0.34810074
179,0.0929,144.8964,0.0088,9.3016,218.7145,11.1032,0.147999,0.073235,0.085169,0.373093,0.328903,0.293642,0.317476,0.334149,0.495622,-0.232189
180,0.089,79.1391,0.0068,42.3165,67.1055,-13.519,-0.078774,0.487002,0.32514,0.308391,0.311464,0.211539,0.37411,0.404886,-0.171205,-0.296029
181,0,100000,0,0,100000,0,0.24381,0.410979,0.195608,0.28319,0.353324,0.327977,0.247924,-0.004069,0.066039,-0.321675
182,0,100000,0,0,100000,0,-0.40766305,0.007125,-0.2612358,0.22618,0.225616,0.380672,0.216635,-0.1198461,0.059817,-0.3738357
183,0.2147,281.1542,0.02,8.816,222.4302,10.8828,0.384454,0.43925385,-0.231547,0.25819,0.384375,0.2344599,0.369534,0.075846,0.0498102,0.040723
184,0.0898,125.1381,0.0074,18.9816,122.3183,-11.9654,0.07144,0.093254,-0.047822,0.250217,0.266267,0.282378,0.274116,-0.188249,0.303317,0.182608
185,0,100000,0,0,100000,0,0.271021,0.147529,0.048022,0.252019,0.26249,0.327102,0.279609,0.2616,0.285658,-0.268866
186,0,100000,0,0,100000,0,-0.281597,0.326792,0.167746,0.231423,0.3343338,0.284495,0.349897,-0.177469,0.344648,0.157015
187,0,100000,0,0,100000,0,-0.489283,0.6361774,-0.448253,0.203504,0.368198,0.22345632,0.200994,-0.099598,-0.062746252,0.246805
188,0,100000,0,0,100000,0,-0.21253,0.296875,0.423326,0.238029,0.222087,0.272008,0.327577,-0.39152,-0.263378,-0.356624
189,0.141,1647.0949,0.0037,9.1288,1195.2242,37.7329,0.116381,-0.079896,0.082208,0.264817,0.270028,0.390679,0.298486,0.083193,-0.135936,-0.133827
190,0.1266,221.7805,0.011,9.009,231.6749,-11.2614,-0.4710366,0.089617,0.004943,0.246127,0.340062,0.249158,0.329353,-0.3406546,0.018452,0.095437
191,0,100000,0,0,100000,0,-0.290413,-0.216622295,0.419386,0.290348,0.200339,0.270073359,0.236628,0.293649,0.234330816,0.332216
192,0.089,154.4142,0.0079,17.7427,119.7626,-11.3747,0.195232,0.018572341,0.440905,0.315072,0.3550473,0.22862898,0.36232,-0.445448,-0.034880581,0.040026
193,0,100000,0,0,100000,0,0.333845,1.05473703,-0.240567,0.369072,0.353883,0.203326,0.314325,0.057238,-0.00169519,0.468198
194,0,100000,0,0,100000,0,-0.348119,0.217731,-0.073661,0.381896,0.239661,0.211488,0.395249,-0.09933,-0.008148,-0.086581
195,0.0908,227.9971,0.0084,8.5739,222.3185,10.7184,0.347688,-0.314928862,-0.331106,0.200443,0.223885,0.29347272,0.303111,0.294149,-0.190636838,0.363551
196,0,100000,0,0,100000,0,0.376348,-0.396909,0.272181,0.310664,0.2889279,0.304093,0.269803,-0.113611,0.26454,-0.128478
197,0.1459,102.6979,0.0098,38.7411,88.0837,-15.2374,-0.053057,0.535565558,-0.445519,0.264332,0.2359098,0.227565369,0.227671,-0.458775,-0.097252219,0.119626
198,0,100000,0,0,100000,0,0.411845,0.41694,-0.229079,0.237122,0.399628,0.247196,0.370417,0.054917,0.126921,-0.102171
199,0,100000,0,0,100000,0,-0.16776585,-0.437679,-0.110259,0.390207,0.238656,0.360486,0.207175,-0.2759141,0.140006,-0.324603
200,0.3372,76.2259,0.0238,20.8447,153.5332,14.601,0.141345,0.186203,0.121032,0.338211,0.233314,0.206712,0.248531,0.033384,0.185946,0.433237
201,0.1484,18.2939,0.014,83.778,24.6798,11.2029,0.35294,0.320835,0.031819,0.31464,0.231526,0.316501,0.205568,0.028516,-0.13924,-0.208779
202,0.0886,2906.9401,0.0041,1.5982,3773.1428,23.091,-0.2559566,-3.00E-19,0.28587,0.345657,0.354466,0.225574,0.336932,-0.325233,-8.38E-38,0.474923
203,0.0472,596.679,0.0019,11.59,619.3907,-26.5363,0.094243,0.064129,0.215246,0.337546,0.395846,0.226675,0.25221,0.252796,-0.243441,-0.303112
204,0.1433,102.7789,0.0088,35.4876,108.9612,-16.6003,0.22161315,1.028929895,-0.035945,0.315632,0.229456,0.225923,0.32155,-0.4389048,-0.002920021,0.147481
205,0,100000,0,0,100000,0,0.304363,0.152847,-0.232333029,0.347197,0.286606,0.209022,0.229431,0.232097,-0.412646,-0.188564598
206,0,100000,0,0,100000,0,-0.160796,0.118296,-0.06176574,0.387999,0.2559933,0.229468,0.225991152,0.052929,0.420888,-0.3948912
207,0.0393,60.6506,0.0039,26.1828,70.5966,10.5452,0.028392,-0.16042,0.426389,0.367515,0.312225,0.3198465,0.392809,0.335319,-0.025785,-0.135752
208,0.0982,464.2238,0.006,10.2992,364.6427,16.2666,0.244947,0.129877,-0.18047,0.203884,0.32804,0.334002,0.240552,0.457869,0.200451,0.301429
209,0,100000,0,0,100000,0,-0.141179,-0.273513,-0.087878,0.325765,0.343922,0.248351,0.354345,0.366413,0.264038,-0.008662
210,0.2387,148.8343,0.0228,22.3985,86.7225,10.8274,-0.362544,-0.094669,-0.078122,0.208449,0.339786,0.203881,0.304648,-0.230623,-0.464426,0.020936
211,0.0945,1445.1302,0.0028,7.6881,1230.6436,-33.3838,0.05611095,-0.184372,-0.113948,0.353976,0.278615,0.365738,0.259268,0.0413061,0.426997,-0.127304
212,0.0417,74.8688,0.0026,40.7158,88.5573,15.8171,0.057801,-0.137026566,-0.016461,0.343455,0.286348,0.208008,0.395793,0.125655,-0.032358821,0.278003
213,0,100000,0,0,100000,0,0.213032,-0.17792256,0.141731,0.32974,0.276536,0.221082737,0.291168,-0.026333,-0.180278764,0.047005
214,0.0948,483.9833,0.0084,5.5913,366.509,-11.1478,0.07617,0.451233,0.011716,0.325421,0.227331,0.30958,0.241743,0.274362,0.364604,-0.48212
0,0.0,100000.0,0.0,0.0,100000.0,0.0,-0.057105,-0.16037,-0.14245374420000004,0.376478,0.2717,0.259928,0.21022290000000002,0.220454,0.439455,-0.28740394890000004
1,0.0,100000.0,0.0,0.0,100000.0,0.0,0.368585,0.17905371750000001,0.132399,0.319714,0.268565,0.22290066,0.395862,0.219799,-0.33826733999999997,0.065721
2,0.2141,169.3848,0.0161,14.3305,194.2726,13.3521,0.262533,-0.019677,-0.149734,0.281116,0.329805,0.287462,0.382744,0.072644,0.306345,0.315926
3,0.0898,109.1069,0.0052,31.3088,130.0959,17.2194,-0.412229,0.017128,0.132222,0.243345,0.2180871,0.364021,0.357818,0.078697,0.212497,0.324352
4,0.0,100000.0,0.0,0.0,100000.0,0.0,-0.267321,0.047306205569224276,0.440523,0.380131,0.207693,0.21972428145000006,0.219191,0.071606,0.1703414423246075,0.415778
5,0.0895,87.6463,0.0065,25.41,113.7769,13.6732,0.19239685,0.369541,-0.16357,0.376307,0.294945,0.202268,0.241629,-0.5076698000000001,0.23396,0.367627
6,0.0,100000.0,0.0,0.0,100000.0,0.0,0.167393,0.9046996494035217,-0.164712,0.257075,0.349832,0.222551,0.373665,0.32045,-0.014086041802255417,0.095364
7,0.0,100000.0,0.0,0.0,100000.0,0.0,-0.288986,1.3486700284263486,0.143891,0.390812,0.242493,0.2218838346,0.314156,0.207153,-0.006665646202921483,0.239242
8,0.0,100000.0,0.0,0.0,100000.0,0.0,-0.33212569999999997,0.269592,-0.012643,0.398639,0.278508,0.321647,0.31947,0.0786401,0.268237,0.251771
9,0.0891,861.4945,0.0019,12.5739,1169.7894,49.1263,-0.322121,-0.186654,0.096273,0.343719,0.228699,0.323887,0.214426,0.186768,0.086283,0.212825
10,0.0974,112.9302,0.0081,20.1452,114.8517,-11.9411,-0.436589,0.44749,0.487538,0.253339,0.22637340000000003,0.263168,0.244408,-0.248459,0.173499,0.016347
11,0.0,100000.0,0.0,0.0,100000.0,0.0,-0.192703,0.007392,0.05418,0.383528,0.271367,0.366237,0.210346,0.095069,0.225301,-0.326295
12,0.1,17.3053,0.0098,83.3025,21.1809,10.2933,0.49294140000000003,-0.223077,0.142736,0.217742,0.231114,0.210187,0.276289,-0.4122118000000001,0.370206,0.491057
13,0.0,100000.0,0.0,0.0,100000.0,0.0,-0.452227,1.6288248573985382,0.341282,0.319431,0.306677,0.207747504,0.259014,0.268725,-0.004535156138604101,0.486796
14,0.1393,48.3147,0.0108,79.3405,33.5136,-12.977,-0.42516299999999996,0.24484,-0.297932,0.255969,0.309478,0.233908,0.277744,-0.48689080000000007,0.076511,0.151453
15,0.0,100000.0,0.0,0.0,100000.0,0.0,0.176452,-0.292319,-0.38956,0.286749,0.390726,0.221142,0.286284,0.16011,0.054899,0.168662
16,0.0,100000.0,0.0,0.0,100000.0,0.0,-0.019451,0.32168546550000005,-0.193076,0.232584,0.21398,0.21313211670000007,0.3352626,0.45034,-0.34509474900000003,-0.266904
17,0.0,100000.0,0.0,0.0,100000.0,0.0,-0.0996493,0.144635,-0.35245692000000006,0.219845,0.384962,0.387574,0.22235391000000002,0.4142061000000001,0.381691,-0.272487807
18,0.0487,102.9359,0.0044,18.8183,114.8447,11.4836,-0.109753,-0.353898,-0.190019,0.216011,0.267341,0.3252,0.23516,-0.03935,-0.167478,-0.422509
19,0.0,100000.0,0.0,0.0,100000.0,0.0,-0.076524,0.344564,-0.294314,0.380937,0.237279,0.239181,0.242262,0.094559,0.044683,0.172807
20,0.0,100000.0,0.0,0.0,100000.0,0.0,0.32738,0.406121,-0.119730231,0.398834,0.2857689,0.384106,0.278852,-0.412957,0.151423,-0.17117649000000001
21,0.0467,45.0815,0.0036,65.4904,41.358,-13.1256,-0.141423,0.003667,-0.328041,0.238878,0.3291273,0.250715,0.3386,-0.402715,0.460422,-0.037087
22,0.0,100000.0,0.0,0.0,100000.0,0.0,-0.029050999999999997,0.165175,-0.144577,0.235569,0.218085,0.301998,0.3333852,-0.2609156,0.338443,-0.331075
23,0.0,100000.0,0.0,0.0,100000.0,0.0,0.313333,-0.413266,-0.152985,0.361553,0.294894,0.238077,0.204486,0.084485,0.459045,0.030174
24,0.1399,162.3809,0.0119,21.8284,103.1764,-11.7565,0.365562,0.491847,0.006221,0.270772,0.316557,0.313101,0.287758,-0.46904,-0.104998,-0.069488
25,0.0462,65.9337,0.0044,29.6196,58.5447,-10.2022,-0.2766628,0.132452,-0.18597512074500008,0.332935,0.247376,0.284654,0.23911761330000006,-0.0967153,0.125763,-0.263468253042
26,0.0,100000.0,0.0,0.0,100000.0,0.0,0.00929,0.001739,-0.189491,0.259781,0.35158,0.230964,0.21599,-0.000689,0.369518,0.122059
27,0.227,87.2451,0.0177,15.6627,182.9216,13.5951,0.143617,0.418857,0.185168,0.307486,0.291035,0.3032208,0.32297,-0.321067,-0.499198,-0.34542
28,0.0917,2766.9699,0.0024,6.5377,1701.3079,-38.3681,0.039147,0.20566350499999997,0.235106,0.367051,0.321301,0.25140456,0.387989,-0.377747,-0.2464182,0.12114
29,0.0,100000.0,0.0,0.0,100000.0,0.0,0.48923175,-0.477411,-0.22596221781,0.346446,0.280958,0.381997,0.21889923570000003,-0.4331206,0.158863,-0.21758906961000002
30,0.2322,59.757,0.018,48.6943,55.0778,-13.0459,0.173646,-0.218667,-0.378108,0.26357,0.33198930000000004,0.278653,0.295569,-0.478415,-0.267259,-0.12846960000000002
31,0.0985,727.0173,0.0037,10.6727,685.1427,-26.937,-0.16195,-0.371824,0.287285,0.280861,0.3339558,0.25733,0.268476,-0.155971,0.264915,-0.47582
32,0.0878,325.5635,0.0055,9.2826,385.4407,-15.7337,-0.35632695,0.220549,0.354214,0.299216,0.312271,0.259323,0.387802,0.10233410000000001,0.149692,-0.118563
33,0.0,100000.0,0.0,0.0,100000.0,0.0,0.395998,0.21282472575000005,-0.085559,0.250447,0.382576,0.211228,0.356867,0.079184,-0.154078524,0.016625
34,0.0,100000.0,0.0,0.0,100000.0,0.0,0.128852,0.183554,0.0326,0.20696,0.341321,0.217604,0.208792,-0.11953,-0.074671,0.416512
35,0.0455,36.6342,0.0044,44.1872,41.1114,10.4498,0.027593,-0.056345,-0.176992,0.33172,0.249388,0.22474,0.292829,0.436524,0.148865,0.472783
36,0.0518,463.2183,0.0019,17.7075,432.7694,-27.9898,-0.338624,0.485832,0.424578,0.200755,0.2524176,0.222457,0.264383,0.174356,0.337609,-0.368524
37,0.0,100000.0,0.0,0.0,100000.0,0.0,0.26926,0.270285,0.387993,0.301885,0.3290382,0.343336,0.330599,-0.288381,0.345086,0.366388
38,0.0,100000.0,0.0,0.0,100000.0,0.0,0.253105,0.139818,-0.22247419338000005,0.386435,0.345012,0.206735,0.22785186600000001,0.050669,-0.166101,-0.15015452112
39,0.2527,192.0677,0.0176,18.3868,170.7763,-14.4201,-0.153337,0.483446,-0.096284,0.288631,0.393651,0.31387,0.266601,0.465878,0.335559,-0.144904
40,0.0,100000.0,0.0,0.0,100000.0,0.0,0.052789,-0.3085981425,0.09209,0.343158,0.231632,0.2373054651,0.286294,-0.040012,-0.10943505,0.033264
41,0.0,100000.0,0.0,0.0,100000.0,0.0,0.007118,0.160229,0.218449,0.369058,0.256107,0.252067,0.282585,0.365233,-0.010827,0.42641
42,0.0,100000.0,0.0,0.0,100000.0,0.0,-0.213983,0.271925,0.066363,0.200897,0.359623,0.289503,0.309553,0.427366,-0.324903,-0.404436
43,0.1272,19.6018,0.0114,97.2866,21.7141,11.3375,0.221172,-0.37247,0.430838,0.298519,0.34901730000000003,0.29574,0.338395,0.077863,0.028763,-0.38264
44,0.1011,13.8599,0.0094,112.76,18.1467,11.1387,-0.274429,-0.3868533,-0.236332,0.205029,0.213081,0.2335995,0.252968,-0.299591,-0.042452100000000006,0.45474
45,0.0,100000.0,0.0,0.0,100000.0,0.0,0.078196,0.7514159000701793,-0.400048,0.232152,0.350003,0.22965201000000005,0.360108,0.46375,-0.004774497590753543,0.155633
46,0.3676,396.4053,0.0245,5.6643,605.801,15.2943,0.210531,0.103038,-0.12143623680000003,0.287906,0.254355,0.309538,0.33780689999999997,-0.236802,-0.200592,-0.2308343508
47,0.0,100000.0,0.0,0.0,100000.0,0.0,0.49846,-0.2630592654129564,0.27481,0.304803,0.226168,0.21693775914000002,0.21045,0.290778,-0.15795447147126096,0.028564
48,0.2457,199.6128,0.022,8.3443,246.9185,11.1811,-0.327437,-0.01544,-0.251603,0.353334,0.296451,0.362825,0.33235,0.201704,0.345521,0.248175
49,0.2718,133.8542,0.0242,11.1879,188.472,11.3258,0.240935,-3.7613761438176605e-19,0.473432,0.27958,0.394247,0.20849348970000003,0.314145,0.29625,-1.0502586805176823e-37,0.399779
50,0.0,100000.0,0.0,0.0,100000.0,0.0,-0.070175,0.4065747,-0.34475544,0.369553,0.322611,0.206226,0.28399167000000003,-0.189031,-0.13183740000000002,-0.017329950000000004
51,0.0,100000.0,0.0,0.0,100000.0,0.0,-0.13221909999999998,0.40723,0.078807,0.223388,0.204113,0.388262,0.375822,0.33208560000000004,0.373022,-0.244239
52,0.0462,2805.3181,0.0015,3.2589,2740.6121,-31.7944,0.492351,-0.081929,0.021892,0.291944,0.374963,0.210792,0.353183,0.312201,-0.047725,0.287337
53,0.0,100000.0,0.0,0.0,100000.0,0.0,-0.497009,0.058671,-0.12049,0.299948,0.34819,0.323556,0.3359547,0.132067,-0.177651,-0.242324
54,0.0937,104.2694,0.0095,16.2279,107.6362,-10.2401,-0.20355934999999997,0.266493,0.149304,0.3218,0.343903,0.210839,0.22953,0.17041420000000002,0.357625,-0.430741
55,0.0,100000.0,0.0,0.0,100000.0,0.0,-0.4023,0.355594,-0.221159,0.35634,0.2580642,0.212626,0.294609,0.105883,0.492197,0.196979
56,0.0,100000.0,0.0,0.0,100000.0,0.0,0.477529,-0.104779,0.40935,0.381748,0.248243,0.275807,0.343682,0.265835,0.089691,-0.45642
57,0.0,100000.0,0.0,0.0,100000.0,0.0,0.095352,-0.391174,-0.119641,0.229785,0.301705,0.267253,0.330974,0.285574,0.18523,-0.087404
58,0.0887,270.366,0.0074,7.6188,314.1508,12.1803,-0.145197,-0.165657,-0.1729,0.325419,0.372593,0.308646,0.277798,-0.092353,-0.109085,0.41586
59,0.0466,105.571,0.0024,48.124,101.2089,-19.6117,0.486482,-0.026768,0.346864,0.314332,0.3016143,0.256823,0.277791,-0.030277,0.175096,0.26808
60,0.2174,176.3877,0.0174,25.061,105.3338,-12.9193,-0.163253,0.304472,0.380272,0.301407,0.383065,0.289349,0.329812,0.343126,-0.418711,-0.251518
61,0.0,100000.0,0.0,0.0,100000.0,0.0,0.29931935,0.462307,0.164452,0.285096,0.389778,0.277891,0.354673,-0.3619924,0.442144,0.359383
62,0.0,100000.0,0.0,0.0,100000.0,0.0,-0.055657,0.277308,-0.325286,0.253478,0.331889,0.219062,0.341616,0.249822,-0.006026,-0.020963
63,0.048,101.2669,0.0027,38.822,109.2684,17.7261,-0.368761,-0.4342754,-0.220892,0.259498,0.381851,0.21644010000000002,0.20971,0.450335,-0.20866500000000002,0.26653
64,0.0,100000.0,0.0,0.0,100000.0,0.0,0.4146237,1.4068301122919198,0.041175,0.220094,0.396803,0.21951111456000008,0.335691,-0.08070840000000001,-0.0010674879368773533,0.475192
65,0.0936,480.0568,0.0042,11.4869,498.0479,-22.163,0.041338,0.1442323575,-0.057275,0.227698,0.311866,0.261571761,0.347126,0.354205,-0.11005632,0.067682
66,0.0,100000.0,0.0,0.0,100000.0,0.0,0.467762,0.464825,0.462215,0.378176,0.247651,0.27078,0.351074,-0.317673,0.25921,0.419792
67,0.0,100000.0,0.0,0.0,100000.0,0.0,-0.2787832,0.487774,0.024161,0.273147,0.206006,0.277112,0.325519,-0.34099670000000004,0.454404,-0.441587
68,0.0,100000.0,0.0,0.0,100000.0,0.0,0.152796,0.4490658900000001,-0.492331,0.395447,0.32053,0.22487499450000006,0.331833,0.221993,0.32385359600000013,0.412351
69,0.0483,308.52,0.0026,16.0127,271.3558,-18.0355,0.010276,-0.133551,-0.164714,0.288542,0.30778,0.256281,0.270252,-0.058149,0.145269,-0.283784
70,0.0864,472.6852,0.0068,4.3616,609.6452,12.9772,0.410892,0.203831,-0.183929,0.378382,0.346743,0.270653,0.27602,0.109194,0.073381,0.109378
71,0.0,100000.0,0.0,0.0,100000.0,0.0,0.212077,-0.493753,-0.310222,0.37678,0.3561,0.24237,0.201945,0.410377,-0.432461,-0.08045
72,0.188,36.4536,0.0185,43.76,40.4733,-10.3133,0.380355,-0.20004324974902365,0.177164,0.269223,0.26037,0.20785248000000003,0.313301,-0.111277,-0.059065590439463814,0.111038
73,0.0473,1337.429,0.0018,4.86,1432.1837,25.881,0.24011715,-0.346407,-0.334353,0.358101,0.336093,0.222685,0.229179,0.35223980000000005,0.391598,0.134443
74,0.0,100000.0,0.0,0.0,100000.0,0.0,-0.448927,0.6163930710531563,-0.072007,0.378431,0.244837,0.259133985,0.249296,0.481315,-0.067813997364,0.022989
75,0.0,100000.0,0.0,0.0,100000.0,0.0,0.122284,-0.069792,-0.252996739578,0.388748,0.376935,0.351802,0.20925016983,-0.065031,-0.27901,-0.16338887824500004
76,0.0,100000.0,0.0,0.0,100000.0,0.0,0.39327,5.659908916612257e-19,0.427962,0.315345,0.228949,0.21791797254,0.395447,-0.120353,-2.2380636878330833e-38,0.253127
77,0.0497,211.8771,0.0015,41.5209,241.5321,-35.0859,-0.35501689999999997,0.185152,-0.28815,0.26444,0.222706,0.246043,0.301112,-0.4111151,0.383088,0.399297
78,0.0,100000.0,0.0,0.0,100000.0,0.0,0.1735188,-0.094683,-0.09237060000000001,0.2175,0.359254,0.298111,0.361691,-0.5280176000000001,0.286727,-0.4012362
79,0.0974,2633.8295,0.0023,4.4249,2820.3941,-42.4399,0.080294,0.306637,0.070979,0.260469,0.310899,0.291025548,0.27916,0.320465,-0.302965,-0.086623
80,0.0,100000.0,0.0,0.0,100000.0,0.0,-0.143734,-0.182257261781323,0.010168,0.286162,0.22226,0.224998,0.284324,0.01542,-0.014663090139825035,0.356735
81,0.0,100000.0,0.0,0.0,100000.0,0.0,-0.458656,-0.21553428235992192,-0.354481,0.376685,0.276441,0.21720761307,0.397516,-0.045369,0.03579439000500002,0.308635
82,0.0424,2061.3896,0.0011,6.2048,1670.6133,-36.0975,-0.267418,1.1368445964419214,-0.236821,0.382892,0.289892,0.21486336777,0.396942,-0.149631,-9.697454020937162e-05,0.388695
83,0.0,100000.0,0.0,0.0,100000.0,0.0,0.07387,0.105824,0.202111,0.299791,0.3441402,0.309547,0.308299,-0.350814,0.44933,0.377786
84,0.0,100000.0,0.0,0.0,100000.0,0.0,-0.265036,-0.128059,-0.358917,0.266959,0.322714,0.29717190000000004,0.335262,0.330002,-0.058619,0.074844
85,0.05,13680.1603,0.0002,6.4179,11308.9151,-222.7395,0.097049,-0.40504470749999993,0.408829,0.336489,0.201098,0.2900043,0.255946,0.435024,-0.07673535000000001,-0.011587
86,0.049,76.763,0.0019,93.7777,71.1387,-25.0137,0.271991,0.418616,0.396297,0.299869,0.266562,0.280332,0.238713,-0.135009,-0.258254,0.026909
87,0.0,100000.0,0.0,0.0,100000.0,0.0,0.159001,-0.403018,0.499749,0.223155,0.349273,0.335355,0.354999,-0.138474,-0.331132,-0.452328
88,0.0462,537.5713,0.0017,14.4263,534.1844,-28.1189,0.477596,-0.09323993761186775,0.03692,0.239922,0.217458,0.22482775530000002,0.391744,0.145035,-0.006858253541555857,0.269864
89,0.0961,39.3548,0.009,48.9598,38.2879,10.6237,0.263706,-4.409506800917288e-19,0.407311,0.210948,0.216236,0.20950408053,0.384384,0.394543,-1.2169070097485563e-37,0.244782
90,0.1411,165.2761,0.013,10.4445,197.9351,11.202,-0.393623,-0.36083185,-0.337715,0.269964,0.289846,0.3438297,0.263923,0.000564,-0.0164619,0.491507
91,0.104,66.8197,0.0068,60.4964,56.1342,15.1878,-0.142735,-0.145141,0.446676,0.284906,0.245634,0.231669,0.209251,0.317776,0.461,-0.065704
92,0.0961,108.7453,0.0064,41.241,83.5706,-15.3396,0.423155,-0.122551,0.308128,0.271221,0.302214,0.214611,0.346057,-0.025351,-0.041669,-0.340066
93,0.0746,128.9987,0.0073,13.1713,133.8432,10.2887,0.159378,-0.465285,0.472161,0.363157,0.28762,0.398305,0.353968,0.481673,0.393279,0.144396
94,0.0467,59.0345,0.0031,57.7214,61.7598,-15.6946,0.31421775,-0.014379,-0.148879,0.244649,0.225846,0.390454,0.233603,-0.21455720000000003,0.408329,-0.358514
95,0.0484,1062.1919,0.0016,7.3969,1068.5255,28.7113,0.492583,0.154979,0.383812,0.319461,0.306696,0.202688,0.273969,0.411573,0.112351,0.054619
96,0.0,100000.0,0.0,0.0,100000.0,0.0,0.12627,-0.09479,0.126198,0.39276,0.261027,0.323521,0.252062,-0.421348,0.143363,0.098729
97,0.0,100000.0,0.0,0.0,100000.0,0.0,-0.44786135,-0.0609009589648772,0.235797,0.397575,0.219473,0.22053502422000001,0.269401,-0.2949237,-0.0029624213137469354,0.279403
98,0.0,100000.0,0.0,0.0,100000.0,0.0,0.176564,0.049725,-0.060087,0.380581,0.287807,0.262928,0.245307,0.029733,0.121174,-0.155282
99,0.0,100000.0,0.0,0.0,100000.0,0.0,-0.24330600000000002,-0.384461,0.261946,0.356281,0.221588,0.347005,0.223956,-0.2676564,0.34161,0.119421
0,0.0436,2736.3403,0.0009,5.9079,2291.3781,-45.6114,-0.20319,0.16298675,0.191176,0.310964,0.341128,0.26506602,0.331881,-0.278803,-0.2833812,0.213214
1,0.0434,875.1503,0.0038,2.5718,914.8827,-12.0588,0.28903455,0.062778,0.283586,0.233591,0.367973,0.2768,0.247178,-0.3147363,-0.037602,-0.115224
2,0.176,349.9808,0.011,9.022,385.8255,-15.4427,0.25695495,-0.337493,-0.290766,0.263242,0.205479,0.354686,0.328279,-0.2298956,0.300382,0.085978
3,0.0899,50.4969,0.0083,72.2861,27.0933,10.8754,0.2736027,-0.096842,-0.226443,0.388037,0.265034,0.214126,0.205998,-0.2921688,0.052652,0.262428
4,0,100000,0,0,100000,0,-0.040904,0.353697,-0.35679,0.231923,0.2826819,0.306121,0.2869632,-0.202046,-0.129838,-0.183197
5,0,100000,0,0,100000,0,-0.146638,-0.103095,0.181276,0.214636,0.316179,0.217653,0.37558,0.317526,0.083092,0.083275
6,0.0439,290.0885,0.0037,7.528,320.9064,-12.2474,0.09135865,0.282785,0.170574,0.304009,0.34904,0.368709,0.301281,-0.1982826,-0.052019,-0.226107
7,0.0928,113.4231,0.0088,13.473,148.563,11.0048,-0.383871,0.037039,0.24186,0.334587,0.292391,0.293545,0.231255,0.239175,-0.156134,-0.204084
8,0.0471,45.9503,0.0043,45.31,40.6946,-10.5316,-0.077644,0.181634,-0.255312,0.254878,0.273189,0.356463,0.221332,-0.232538,-0.122093,-0.257098
9,0,100000,0,0,100000,0,0.06382,0.076439,-0.139312,0.359821,0.334991,0.296411,0.249142,0.262242,-0.072122,0.150762
10,0,100000,0,0,100000,0,0.13353165,0.102894,-0.248204817,0.341967,0.387017,0.311604,0.21922812,-0.404162,0.157041,-0.227610567
11,0.0436,63.7144,0.004,30.8309,70.7405,11.543,0.192516,0.292649,0.351252,0.241981,0.349665,0.221949,0.350293,-0.217584,-0.338986,0.101247
12,0.0903,1568.1748,0.0041,5.203,1147.1124,-22.9052,0.2473107,0.20421,0.18061,0.310521,0.364943,0.290463,0.250233,-0.109263,0.313501,0.254065
13,0.0429,434.4186,0.0018,17.4483,374.5206,-24.6042,0.36313,1.376632129,0.035364,0.370731,0.245782,0.215156251,0.369251,-0.175517,-0.00252817,0.392704
14,0.0431,74.8468,0.0034,33.1264,84.1232,-13.3601,-0.158441,-0.157176106,-0.090051,0.282154,0.336686,0.210481,0.375756,-0.171252,-0.054465322,0.39133
15,0.1962,475.3964,0.0055,15.7545,636.1833,35.0683,0.053079,0.153341,-0.103557,0.220083,0.241206,0.331651,0.335369,-0.137316,0.025276,-0.221677
16,0,100000,0,0,100000,0,-0.217133,-0.201158,0.182622,0.399423,0.371241,0.248675,0.246419,-0.075401,-0.27362,-0.107636
17,0.0844,441.0194,0.0045,12.887,345.4169,18.3542,0.324209,0.204743,-0.216013,0.300995,0.225895,0.201268,0.369942,-0.013511,0.34257,0.067771
18,0,100000,0,0,100000,0,0.164507,-0.369708,0.091724,0.324,0.2852352,0.205714,0.210609,-0.38972,0.212322,0.032399
19,0.0938,21.0427,0.0092,74.5814,22.9332,10.1312,0.292575,-0.275868,0.360553,0.209029,0.3504915,0.201457,0.337167,0.155753,0.382186,0.0322
20,0,100000,0,0,100000,0,-0.2001137,0.017852903,-0.394348,0.323735,0.391094,0.21079501,0.322066,-0.2695935,0.140182751,0.279439
21,0.0905,5904.0517,0.0022,1.8584,6717.8856,-42.454,-0.118855,-0.331934,0.201072,0.323271,0.229268,0.352827,0.314191,0.165547,0.31772,-0.264266
22,0.0466,152.2811,0.0038,16.8847,145.6775,-12.3791,0.207341,-0.1286186,0.300231,0.315099,0.204878,0.252808452,0.396937,0.262666,-0.3131064,-0.311479
23,0.0456,55.6258,0.0038,40.1488,64.2029,12.733,0.15654,0.439535836,-0.378695,0.248583,0.241503,0.2129841,0.372648,0.132411,-0.004889138,0.024562
24,0.1322,539.0346,0.0071,10.498,445.33,-19.0252,-0.052951,-0.262452063,0.276877,0.38786,0.360451,0.2080566,0.373168,0.055268,-0.117438364,-0.071027
25,0,100000,0,0,100000,0,0.281561,0.134796,0.090196,0.241901,0.271353,0.242318,0.367241,0.035925,-0.133818,0.309348
26,0,100000,0,0,100000,0,0.388862,-0.14224,-0.126904,0.321887,0.24071,0.207123,0.3092049,0.223506,0.166393,-0.219487
27,0.0845,356.4931,0.0044,14.2341,345.4142,-19.75,0.2204,0.042085,0.302905,0.327517,0.2029,0.388564,0.338477,0.166774,0.018765,-0.244591
28,0,100000,0,0,100000,0,-0.371233,-0.02601,0.159315,0.304887,0.3066444,0.259944,0.316943,-0.106005,0.359669,-0.139748
29,0,100000,0,0,100000,0,0.2392005,-0.285385,0.283956,0.391814,0.387793,0.23718,0.20236,-0.3311649,0.24043,0.072552
30,0.0902,317.1934,0.0056,9.6967,390.314,16.3543,-0.053794,0.194573,-0.015591,0.265242,0.3228426,0.351339,0.364613,-0.112881,0.379013,-0.104433
31,0,100000,0,0,100000,0,-0.080705,-0.008729608,0.378922,0.206421,0.283072,0.220128767,0.393812,0.158337,-0.004181654,0.064259
32,0,100000,0,0,100000,0,-0.13465,-0.267087,0.284134,0.316432,0.375584,0.244152,0.238982,0.262441,0.211431,0.27345
33,0,100000,0,0,100000,0,-0.317248,-0.200831,-0.199089,0.326731,0.377164,0.35223,0.251416,0.154122,0.132355,-0.081567
34,0,100000,0,0,100000,0,-0.245847,-0.11762,-0.24395,0.344514,0.3448746,0.399237,0.301976,-0.108657,0.338384,-0.055281
35,0.1822,23273.9978,0.0022,0.9243,27369.0728,80.8951,0.07664315,0.194459,0.300337,0.323829,0.251899,0.379308,0.275902,-0.3665695,0.04394,-0.056604
36,0.1266,103.6133,0.0119,17.1152,106.5302,-10.4699,-0.314452,1.20441996,-0.074525,0.337316,0.288045,0.218105,0.338094,-0.260643,-0.009620701,0.300589
37,0,100000,0,0,100000,0,0.139622,0.215046,0.036131,0.376862,0.202471,0.252525,0.277938,0.329191,0.060213,0.116551
38,0.0395,450.583,0.0039,3.5318,512.0301,10.4252,-0.031039,-0.206944,-0.124525,0.28976,0.383936,0.328359,0.348475,0.232029,-0.032487,0.047197
39,0.0494,231.7961,0.0023,24.4919,227.4628,-21.713,-0.326924,-0.067283,-0.1643391,0.283406,0.241023,0.234394,0.310184,-0.000163,0.08238,-0.2557251
40,0,100000,0,0,100000,0,0.023563,-0.220811787,0.122,0.309787,0.3202551,0.261215717,0.246879,-0.074154,0.210101012,0.399953
41,0.1303,58.4172,0.0112,39.2424,57.544,-11.7745,-0.1494255,0.33256965,-0.137373,0.382299,0.222425,0.256510314,0.315582,-0.0091784,0.3011833,0.358361
42,0.0941,543.0586,0.0051,9.915,442.7067,-18.1683,0.3633,0.345709,0.234603,0.297263,0.355944,0.259504,0.230203,0.317908,-0.269165,0.306712
43,0,100000,0,0,100000,0,-0.375539,0.074029,0.22131,0.364354,0.271756,0.224334,0.202025,0.36173,0.264188,0.197283
44,0,100000,0,0,100000,0,-0.042329,0.399498,0.041777,0.253662,0.377861,0.233688,0.330044,0.344445,0.210295,0.093376
45,0,100000,0,0,100000,0,-0.168614,0.174109,-0.061846,0.398105,0.317918,0.376344,0.246855,0.062302,-0.250985,-0.245771
46,0.1323,252.826,0.0084,17.6243,214.0792,-16.319,0.375169,-0.20652,0.173494,0.346693,0.3044673,0.26608,0.362388,0.145091,0.265702,-0.351539
47,0,100000,0,0,100000,0,0.3273312,-0.034554366,-0.285264,0.378933,0.398593,0.25469474,0.306716,-0.3040011,-0.002198571,0.20911
48,0,100000,0,0,100000,0,-0.1683476,0.273652,0.282161,0.34073,0.213728,0.29903,0.228328,-0.1315303,0.388647,-0.387476
49,0.1591,935.6058,0.01,4.2353,885.5621,16.2518,0.29184645,0.253448,-0.221849,0.394961,0.327396,0.375488,0.36761,0.0369666,0.385283,0.135272
50,0,100000,0,0,100000,0,-0.343261,-0.045376978,-0.315247,0.260289,0.206315,0.2121903,0.343542,0.205502,-0.188568021,0.025145
51,0,100000,0,0,100000,0,0.044117,0.243598,-0.085521,0.391442,0.227342,0.353068,0.28881,0.399865,0.358586,0.028906
52,0.0462,94.0986,0.0046,16.385,110.97,10.4547,0.20005,0.366928,-0.198259569,0.329136,0.245398,0.306357,0.2208708,-0.009925,-0.299292,-0.249508269
53,0,100000,0,0,100000,0,0.272634,-0.300105,-0.005974,0.227873,0.2541078,0.383038,0.310247,0.261023,0.398506,-0.308877
54,0.1292,322.4408,0.0125,5.3425,344.5722,-10.5226,0.32205705,0.057995,0.142152,0.319807,0.312686,0.399575,0.36589,-0.0787809,0.024441,-0.103096
55,0,100000,0,0,100000,0,-0.17297885,0.157957,0.298535,0.330331,0.377992,0.232799,0.301917,0.1230966,0.292265,0.148964
56,0.0856,1108.9697,0.0034,6.7399,1008.6912,-25.3955,0.048814,-0.032248343,0.093261,0.355714,0.364434,0.216503749,0.388373,0.343772,-0.000859809,0.307165
57,0,100000,0,0,100000,0,-0.000297,0.135198473,-0.090577,0.38646,0.39374,0.245171448,0.352752,-0.304705,-0.18272385,0.010011
58,0,100000,0,0,100000,0,0.098702,0.245221,0.230042,0.324168,0.227609,0.206332,0.28247,-0.035332,-0.052739,0.172268
59,0.0811,502.4562,0.005,7.4788,495.4161,-16.1153,0.03572285,0.386223,-0.104992,0.387071,0.215013,0.347023,0.36847,-0.1105335,0.312935,0.144642
60,0,100000,0,0,100000,0,-0.258075,-0.321659,-0.378501,0.371666,0.396393,0.284339,0.221222,0.328209,0.202203,0.339763
61,0,100000,0,0,100000,0,0.298385,-0.200546,-0.067516,0.27647,0.3214089,0.344814,0.208079,0.008833,0.314994,0.131152
62,0.0884,108.8711,0.0056,34.263,103.0875,15.5963,-0.1084007,0.335654,0.168375,0.361263,0.214602,0.310104,0.354357,-0.1995048,0.164953,-0.265359
63,0.0487,31.9301,0.0035,98.4974,32.49,-14.6005,-0.372762,0.162512,0.061349,0.203749,0.268789,0.330517,0.218873,-0.012311,-0.187466,-0.384198
64,0,100000,0,0,100000,0,0.132343,-0.039733,0.073525,0.241494,0.289943,0.255557,0.30735,0.179507,-0.205579,-0.341575
65,0,100000,0,0,100000,0,-0.225969,-0.386295,-0.050392,0.334249,0.357376,0.274419,0.272681,0.350147,0.301761,0.014421
66,0,100000,0,0,100000,0,-0.118468,-0.16255,-0.065014,0.381982,0.386661,0.392986,0.270782,0.365462,0.189865,0.240764
67,0.1909,241.5022,0.0161,7.5409,330.5398,12.4777,-0.312693,-0.214206,-0.057011,0.272979,0.370183,0.271387,0.359753,-0.22545,-0.236633,-0.1656
68,0,100000,0,0,100000,0,0.223813,-0.034086,-0.166525,0.381703,0.2255418,0.398596,0.273542,-0.325576,0.031537,0.002881
69,0.1491,178.5826,0.0142,10.8176,159.3454,10.1712,-0.347225,-0.062942,-0.22512573,0.243861,0.347312,0.229908,0.267258,0.351845,-0.182417,-0.31891077
70,0,100000,0,0,100000,0,-0.2372606,0.266965,0.178225,0.390609,0.266145,0.264804,0.352156,-0.2024066,0.036828,-0.021538
71,0.1242,756.6428,0.0041,8.5457,1054.2077,32.0268,-0.11003,-0.092077493,-0.175855,0.331893,0.345246,0.3491091,0.395697,0.039807,0.252744921,0.35252
72,0.2404,142.9934,0.0153,19.5801,185.5603,15.8999,-0.398897,-0.111124,-0.076441,0.262708,0.236738,0.312241,0.324942,0.121154,-0.12444,-0.134448
73,0.0448,3849.3683,0.0014,2.1418,4243.3073,32.2645,-0.3318825,0.198963,0.253957,0.269416,0.231904,0.327006,0.344961,-0.2645676,0.020457,-0.363942
74,0,100000,0,0,100000,0,-0.00630135,0.172981,-0.209167206,0.395526,0.316494,0.335798,0.2215314,0.2046605,0.39212,-0.170546326
75,0,100000,0,0,100000,0,0.397428,0.414838532,-0.077913,0.364641,0.349692,0.218915055,0.324217,0.262593,-0.184729264,-0.0885
76,0.1297,199.8569,0.0108,10.2556,240.0331,12.3851,0.237142,-0.164112,0.15151,0.337591,0.3473136,0.275954,0.329444,-0.237686,-0.065047,-0.362982
77,0.1379,283.1135,0.0093,12.3414,262.9382,-14.7351,0.2613576,0.020844,-0.13075,0.291229,0.225526,0.285672,0.243206,-0.3485416,0.173338,0.111482
78,0,100000,0,0,100000,0,0.031966,0.191094,0.177922,0.242763,0.390158,0.368393,0.343034,0.133368,0.026008,-0.035969
79,0.1479,43.4004,0.0138,85.7913,23.5157,11.0523,-0.024654,0.693501787,-0.337476,0.322442,0.217129,0.219500223,0.284303,-0.114671,-0.011523052,0.174075
80,0,100000,0,0,100000,0,-0.246545,-0.224051,-0.246547,0.3562,0.270448,0.243043,0.374418,-0.131408,-0.091165,0.315157
81,0.2507,57.0184,0.0228,28.246,74.3678,11.3018,-0.199448,0.245552,0.061334,0.274207,0.259092,0.238045,0.297258,0.334044,-0.263584,-0.185861
82,0.0448,39.5465,0.0026,108.3617,39.0968,17.7098,-0.245442,-0.279159,-0.288868,0.298102,0.22121,0.314352,0.217531,0.337203,-0.139588,0.275499
83,0.0493,630.6764,0.0016,16.4907,513.2662,-30.3924,0.37299255,-0.040184,0.045376,0.293894,0.312879,0.283715,0.241877,-0.1100561,0.079766,-0.231678
84,0,100000,0,0,100000,0,0.2974,-0.038804,0.356375,0.345983,0.222261,0.204228,0.395847,0.088197,-0.379662,-0.309604
85,0,100000,0,0,100000,0,0.16884,0.973367968,-0.206578,0.232521,0.287105,0.207460278,0.299153,0.16428,-0.032086462,0.25537
86,0,100000,0,0,100000,0,-0.188235,0.154692618,-0.332396,0.279161,0.35851,0.22055,0.30767283,-0.039353,-0.210134396,-0.094929
87,0,100000,0,0,100000,0,0.205757,-0.003443101,-0.383993,0.365945,0.259058,0.213953,0.3412692,-0.029874,-0.087029724,0.046427
88,0.0977,195.9944,0.0059,17.3923,234.2159,17.2207,-0.187341,-0.132144,0.278829,0.253004,0.346395,0.279368,0.20181,-0.143417,-0.092186,0.007823
89,0.0466,22.9147,0.0046,75.1544,24.7709,-10.5849,0.398381,0.340474,-0.134796,0.223505,0.2138,0.267285,0.259114,0.299639,-0.193515,-0.133965
90,0,100000,0,0,100000,0,0.2482389,-0.169788433,-0.029446,0.216211,0.309241,0.22529988,0.377852,-0.2516195,0.074560082,0.364709
91,0.1253,271.6229,0.0114,7.3216,280.3368,-11.1576,0.33366565,1.073703423,-0.16399,0.385036,0.311186,0.229935035,0.351822,-0.1706409,-0.009312314,0.252754
92,0.2729,747.2182,0.0143,10.8789,458.172,-19.9532,0.0514857,-0.103407,-0.137998,0.229873,0.386665,0.35907,0.274304,-0.1375254,-0.045405,-0.211081
93,0.045,290.3519,0.0046,5.1869,338.9299,10.274,0.20390685,-0.254362,0.379169,0.342071,0.212635,0.296757,0.384559,-0.1550681,0.079593,-0.232482
94,0,100000,0,0,100000,0,-0.08544,-0.133337,0.067882,0.398365,0.311265,0.323897,0.231058,0.231958,0.06093,-0.10579
95,0,100000,0,0,100000,0,-0.267892,-0.19577313,-0.287524,0.317696,0.273215,0.2117043,0.300415,-0.373487,-0.23569947,0.39095
96,0,100000,0,0,100000,0,0.089561,-0.294525,-0.228585,0.204395,0.299568,0.26099,0.26961,-0.204666,-0.092873,0.087335
97,0.0969,130.3203,0.0087,14.3456,148.6859,11.399,-0.022026,0.229347,0.298271,0.280653,0.317056,0.218459,0.288871,0.397689,0.114946,-0.194371
98,0,100000,0,0,100000,0,0.203795,-0.01378,-0.256626,0.362448,0.237956,0.254729,0.302962,-0.2243,0.100823,0.07371
99,0,100000,0,0,100000,0,-0.125009,-0.053666,-0.086631,0.389573,0.364894,0.390913,0.301845,0.309277,-0.048156,-0.091837
0,0.1492,143.96,0.0106,16.19,200.5894,14.7426,0.353087,-0.466653,-0.212486733,0.322069,0.312088,0.231443,0.207392481,0.363804,0.325064,-0.260612397
1,0.1323,115.8107,0.0109,19.4367,117.6821,-11.8621,0.0033858,0.459852,-0.387684,0.317993,0.241963,0.386303,0.398271,-0.3630572,0.333455,0.103676
2,0.0477,122.1588,0.0035,24.0388,118.4722,-13.5438,0.001092,0.101682,-0.159967,0.273981,0.24558,0.333824,0.210707,-0.366345,-0.055832,0.055922
3,0.1814,131.5343,0.0182,8.5901,208.9277,10.3841,0.454713,-0.488196,-0.36266,0.258335,0.226015,0.29839,0.308952,0.2422013,0.372709,0.087439
4,0.0891,11.8563,0.0082,128.1651,8.5722,11.1919,-0.23018215,0.394124,-0.10771,0.334532,0.332986,0.278552,0.303439,-0.0761244,0.353868,0.012707
5,0.0472,191.0822,0.0016,46.9571,161.3052,-27.7233,0.192112,0.34238,0.423314,0.277184,0.250454,0.335846,0.326031,-0.032509,0.115674,-0.033166
6,0.149,17.0911,0.0148,77.3487,23.0025,10.3376,0.411873,0.957661058,0.221615,0.223322,0.2093319,0.204531,0.329691,0.059204,0.446632606,0.487574
7,0,100000,0,0,100000,0,0.368064,-0.076108,-0.074684,0.347116,0.275554,0.268215,0.34258,-0.012257,-0.378601,0.038871
8,0,100000,0,0,100000,0,0.328284,0.457433,0.356137,0.285526,0.2632509,0.220568,0.381799,-0.215075,0.496933,0.416325
9,0.0452,129.9505,0.0041,14.0178,158.9361,11.6838,-0.374591,0.357900606,-0.179613,0.364389,0.2597157,0.2588292,0.337178,-0.491845,-0.112561245,-0.086268
10,0,100000,0,0,100000,0,-0.160837,-0.177777,-0.214932756,0.348578,0.284978,0.231076,0.279594828,0.253516,0.09281,-0.136969883
11,0.101,862.3169,0.0019,18.2448,871.6129,-52.7071,0.217423,-0.410179,-0.249227,0.219086,0.29649,0.221196,0.302787,0.399726,-0.02592,0.282581
12,0.0463,29.1497,0.0029,128.9476,28.787,-16.136,0.449999,0.325264,-0.34608222,0.344348,0.2446074,0.225078,0.208394856,-0.382025,0.256119,-0.1574397
13,0.1,95.1144,0.0093,16.2658,121.8424,10.9456,-0.447343,-0.337155776,0.379355,0.234336,0.206786,0.20755845,0.39736,0.121233,0.367908931,0.364227
14,0.1774,196.8643,0.0159,9.066,237.7677,11.4668,0.457702,0.045766,-0.113049,0.35264,0.3335526,0.29614,0.335885,-0.028942,0.225372,-0.124221
15,0.0422,255.4891,0.0011,38.098,291.4189,38.3074,-0.226569,-0.285353,-0.05683,0.312357,0.253599,0.204715,0.384826,0.147395,0.201357,0.390059
16,0.0427,264.0641,0.0021,21.7279,237.8819,-20.506,-0.094847,-0.16575,-0.00573,0.371094,0.3583935,0.3388563,0.389979,-0.45731,-0.254061,-0.189953
17,0.0433,42.0028,0.0042,43.3308,40.3891,-10.2503,0.13300875,-0.398327186,-0.4269,0.343015,0.288981,0.256005846,0.340807,-0.409212,-0.337970232,0.128301
18,0.0875,13.7265,0.0084,126.8961,13.4989,10.6578,-0.304253,0.0813561,0.492293,0.284936,0.209699,0.212588,0.388924,0.386601,0.360085,0.401923
19,0,100000,0,0,100000,0,0.115362,0.078929,-0.233782915,0.39008,0.320583,0.274565,0.221362301,-0.168117,-0.002385,-0.146801276
20,0,100000,0,0,100000,0,-0.071113,-0.389267,0.415441,0.296175,0.339562,0.240594,0.350653,0.163893,0.035931,-0.09266
21,0.0484,373.3275,0.0029,11.2231,372.0577,17.5269,0.220618,-0.192563,-0.07117,0.340629,0.372855,0.202028,0.208729,-0.052903,-0.26626,-0.420876
22,0.0499,144.5341,0.0033,21.6128,161.3565,15.4621,-0.403217,-0.307735,-0.360494874,0.213612,0.212444,0.339763,0.2507823,-0.215085,-0.046628,-0.234616257
23,0.1423,47.9128,0.0135,36.4435,50.47,-10.5179,0.058005,0.297024,0.4404,0.25615,0.2304045,0.332679,0.234774,-0.47036,0.258021,0.010889
24,0,100000,0,0,100000,0,0.444644,-0.085971,0.037543,0.383067,0.253069,0.22878,0.212749,0.439654,-0.419971,0.174171
0,0,100000,0,0,100000,0,0.310901,-0.004089,-0.250796,0.280943,0.319481,0.337214,0.273496,0.476851,-0.058645,0.049236
1,0,100000,0,0,100000,0,-0.30051,0.480095,-0.1686177,0.212538,0.2789235,0.3032199,0.333187,-0.466318,-0.245744,-0.301374
2,0.1232,41046.5485,0.0008,1.4261,36131.1216,-159.5798,-0.425572,-0.39984682,0.132453,0.321965,0.31143,0.2761578,0.390488,-0.176526,0.379130159,0.319431
3,0,100000,0,0,100000,0,0.367975,-0.479584,-0.120897,0.276361,0.251211,0.264006,0.2946753,0.001631,-0.183396,-0.3603906
4,0.093,1213.1515,0.0023,11.9634,1034.3339,-42.1225,-0.03282,-0.139703,0.196027,0.348636,0.380157,0.279794,0.272909,0.27843,0.413439,-0.197153
5,0.0964,249.6165,0.0052,30.226,143.6596,18.0268,-0.26931,0.488018,0.111637,0.2236,0.310581,0.314158,0.240184,-0.402513,0.422071,0.008947
6,0,100000,0,0,100000,0,0.348099,0.341385,-0.263123348,0.33133,0.221429,0.219404,0.207204253,-0.215023,-0.181393,-0.247365059
7,0.1306,137.8719,0.0092,22.7861,135.5,-14.2626,-0.0743888,0.834567347,-0.248448,0.262873,0.351908,0.216497254,0.330771,-0.3650238,-0.00072199,0.157476
8,0.1437,192.4658,0.0136,8.6587,226.4635,10.8827,-0.313455,-0.365903,-0.1769391,0.233473,0.228016,0.399189,0.29614734,-0.200733,0.058015,-0.3617829
9,0,100000,0,0,100000,0,0.4124358,-0.296653,-0.15231,0.201434,0.357384,0.273866,0.32233,-0.1966162,0.040017,-0.073621
10,0,100000,0,0,100000,0,-0.1737246,0.055168,0.252143,0.344158,0.384379,0.228805,0.244739,0.1435896,0.391427,0.14084
11,0,100000,0,0,100000,0,-0.263051,-0.489935,0.310013,0.226622,0.248407,0.354195,0.240745,0.316052,0.365608,-0.22751
12,0.1338,106.396,0.0121,19.2398,106.6509,-11.1558,-0.267638,1.117790237,-0.093197,0.337436,0.240714,0.207346,0.395602,-0.194048,-0.000201063,0.199507
13,0,100000,0,0,100000,0,0.458711,0.724597486,-0.437596,0.311566,0.361966,0.217891539,0.334608,0.16237,-0.138230429,0.062446
14,0,100000,0,0,100000,0,0.156578,-0.073786544,0.221734,0.380289,0.397026,0.21217093,0.227725,-0.134058,-0.070966523,0.282126
15,0,100000,0,0,100000,0,0.373325,-0.381713,0.349996,0.207888,0.2724219,0.339174,0.282156,-0.385859,0.213619,-0.339979
16,0.0438,15.3333,0.004,91.5845,21.1538,10.8121,-0.011925,0.306867,-0.146221,0.324332,0.291123,0.245382,0.284739,0.086672,0.267596,0.126326
17,0,100000,0,0,100000,0,-0.4500359,-0.011721,-0.102791,0.371344,0.391155,0.246086,0.203992,-0.3015846,-0.130776,0.333545
18,0.1533,221.8932,0.0067,20.7587,291.8216,-23.1735,-0.484533,1.174150567,0.054422,0.226177,0.222899,0.222948685,0.344419,0.46106,-0.031260276,0.151152
19,0,100000,0,0,100000,0,0.00052155,0.48127,-0.0768204,0.396813,0.395452,0.218357,0.26770824,0.1948265,0.320692,-0.25193754
20,0,100000,0,0,100000,0,-0.087193,0.104569065,0.49414,0.372253,0.228615,0.21391047,0.235799,-0.329925,0.15723345,0.412989
21,0,100000,0,0,100000,0,-0.066472,-0.317293,-0.297846,0.273903,0.282563,0.242609,0.28366,0.331416,-0.054938,0.034573
22,0,100000,0,0,100000,0,-0.164343,-0.217205625,-0.219629,0.237108,0.244832,0.30613464,0.323297,0.055903,-0.26785809,0.190998
23,0.1663,155.4218,0.0175,12.2964,138.2945,10.1016,0.186754,0.00819,0.187894,0.317348,0.337022,0.308004,0.311405,0.304698,0.154412,-0.1236
24,0.0918,86.8108,0.0075,28.2715,83.1158,12.0494,-0.404731,-0.307649494,-0.341225,0.323228,0.224417,0.3591,0.260584,-0.153732,-0.174129596,0.238711
0,0,100000,0,0,100000,0,-0.074592,-0.33056,0.462865,0.280421,0.317745,0.279622,0.293691,0.196297,0.328279,0.0817
1,0,100000,0,0,100000,0,-0.196315,-0.06855742,0.296376,0.236588,0.228306,0.241669186,0.276211,0.308275,-0.296560845,-0.104347
2,0.1396,240.9605,0.0058,31.343,205.8812,24.3588,-0.048613,-0.19705,-0.2423367,0.348867,0.294526,0.343635,0.3150954,0.047363,-0.005253,-0.0833427
3,0,100000,0,0,100000,0,0.307448,-0.018708,0.105889,0.201205,0.341516,0.327966,0.347135,0.243664,-0.018385,-0.136183
4,0.0475,2897.6702,0.0006,9.5613,2371.91,-73.036,0.214677,-0.283155,-0.3325095,0.309327,0.324348,0.310711,0.2185164,0.392892,-0.353009,-0.1874709
5,0.0488,288.0037,0.0027,14.2179,319.9122,18.6455,0.338917,-0.172688,-0.25586199,0.211844,0.253961,0.292584,0.26041662,-0.487592,-0.412916,-0.30670569
6,0,100000,0,0,100000,0,0.2654001,-0.368041,0.011085,0.227828,0.359511,0.384572,0.267084,-0.2059189,0.291951,0.294366
7,0,100000,0,0,100000,0,0.2790858,-0.046413,0.05267,0.359418,0.299541,0.387438,0.244763,-0.2145462,0.409785,-0.066241
8,0.09,63.3721,0.0065,46.8849,60.1626,-13.4622,-0.158773,-0.047899757,0.212723,0.251444,0.304078,0.207302,0.328138,-0.403303,-0.038272871,0.216134
9,0,100000,0,0,100000,0,-0.045155,-0.164211,-0.290023,0.214511,0.316247,0.2807766,0.357642,-0.331283,-0.099062,0.107597
10,0,100000,0,0,100000,0,0.402922,-0.424713,0.362803,0.357623,0.257098,0.258016,0.262096,0.25202,-0.21475,-0.231616
11,0,100000,0,0,100000,0,0.426759,-0.334174,0.105336,0.244141,0.272674,0.320743,0.221503,0.192021,0.089139,-0.033387
12,0.1138,571.9352,0.0087,4.4476,598.6367,12.9875,0.2944305,-0.271569,-0.02563,0.387208,0.37913,0.373317,0.322895,0.159379,0.385984,0.269485
13,0,100000,0,0,100000,0,-0.198137,-0.436213,-0.492527,0.207673,0.306599,0.274207,0.369152,0.495459,0.170896,0.326076
14,0,100000,0,0,100000,0,-0.008303,0.162306,0.306486,0.211568,0.379727,0.366066,0.326714,-0.3520836,-0.129549,-0.353086
15,0.1841,44.1738,0.0163,49.0314,42.973,-11.3211,0.095623,0.1491063,-0.2731698,0.261072,0.29118,0.2517174,0.279545,-0.440421,-0.3343113,-0.2196216
16,0.1498,89.3621,0.01,30.135,114.1178,15.3168,0.311275,0.210058,0.418603,0.250285,0.241602,0.309387,0.272706,-0.035342,-0.034683,-0.076596
17,0.1405,149.0771,0.0087,26.0301,135.5567,-15.5857,0.087809,-0.0901493,0.022271,0.318682,0.240451,0.2343924,0.333052,-0.33499,-0.4123674,-0.061646
18,0.2308,164.6723,0.0172,19.9071,141.7859,13.4677,-0.167276,-0.143624,0.379563,0.357767,0.278669,0.259362,0.237879,0.411105,0.175813,-0.145377
19,0.0452,559.8721,0.0033,5.5928,490.473,13.2294,-0.437809,0.221705,0.079234,0.323726,0.350896,0.22173,0.348643,0.27071,0.284438,-0.407313
20,0.0445,173.8572,0.0024,27.9552,165.0757,-18.8442,-0.086019,0.317364,0.437688,0.317417,0.359362,0.231446,0.328618,0.234808,-0.43649,-0.432399
21,0,100000,0,0,100000,0,0.309422,-0.195931,-0.001407,0.338455,0.327253,0.252507,0.240627,0.343354,-0.288601,0.027689
22,0,100000,0,0,100000,0,0.388795,0.17792,0.283334,0.379257,0.279027,0.218052,0.322361,-0.198766,-0.362775,-0.417721
23,0.045,54.6837,0.004,37.8038,59.2837,-11.7235,0.17914785,-0.086551,-0.15061221,0.348861,0.26163,0.380296,0.2181177,-0.4317225,0.278845,-0.29452815
24,0.1824,244.1477,0.0069,53.0743,137.294,-26.8603,-0.141014,0.069172,0.034021,0.307852,0.244869,0.308536,0.316891,0.07691,0.220778,0.029937
0,0,100000,0,0,100000,0,0.29214305,0.467792,-0.275689,0.218055,0.378031,0.36189,0.281447,-0.1391412,0.250891,0.194111
1,0.0445,130.8622,0.0044,12.3297,150.8004,10.578,-0.421667,0.216543,0.260671,0.319071,0.323099,0.32933,0.308476,-0.2354121,0.352319,0.300968
2,0.138,472.8094,0.0044,12.7585,708.8655,-32.1322,-0.24407875,0.066610794,-0.257558,0.36444,0.309452,0.2098251,0.376369,-0.4020214,0.233792905,0.361492
3,0.2232,23.9828,0.0206,54.8358,34.5923,10.6907,0.129193,0.403483,0.278459,0.347492,0.275235,0.3512529,0.233844,0.106415,0.062077,0.403532
4,0.0854,5340.7778,0.0028,1.7697,4626.1662,-29.5603,-0.370036,0.411025,0.0219897,0.377723,0.3186225,0.329276,0.30048084,-0.069775,0.010233,-0.4262274
5,0.1911,132.1491,0.015,13.6195,197.9169,13.0866,-0.411659,0.318944,-0.093443,0.321076,0.251354,0.361905,0.242275,0.084599,-0.139155,-0.234046
6,0,100000,0,0,100000,0,-0.058653,0.23821,0.141566,0.207706,0.397905,0.263365,0.38963,0.053404,-0.429422,-0.210605
7,0.0983,96.216,0.0077,28.4198,92.5247,-12.8886,-0.384035,-0.128934591,0.170102,0.218313,0.265256,0.223130133,0.273697,-0.317577,-0.111968173,0.143301
8,0,100000,0,0,100000,0,0.162607,-0.027806,-0.498056,0.334728,0.2234619,0.25139727,0.365126,-0.455317,0.475661,0.480262
9,0.1714,104.9351,0.0175,15.1112,111.1715,-10.0398,-0.442969,-0.3942595,-0.062496,0.318652,0.2996262,0.310259,0.26177,-0.311087,0.0783222,0.217823
10,0,100000,0,0,100000,0,0.4968957,0.150496,0.342866,0.279602,0.332974,0.219449,0.354985,-0.3990283,0.115913,0.348913
11,0.1423,388.7983,0.0045,27.1209,345.6707,-33.1247,-0.027703,0.464583578,-0.088167,0.236906,0.292946,0.29593593,0.264098,0.465136,0.37951892,0.444074
12,0.0474,778.7823,0.0014,12.1723,811.0729,34.6178,-0.111411,-0.470455,-0.485002,0.328765,0.351501,0.271985,0.235741,0.364807,-0.154074,-0.059539
13,0,100000,0,0,100000,0,-0.078891,0.358072,-0.383343,0.326251,0.241696,0.224576,0.365308,0.451154,0.393331,0.265937
14,0.1282,64366.6064,0.0006,0.9875,62347.1086,189.7061,0.026739,0.026813158,0.354085,0.389452,0.360205,0.215832362,0.374606,0.299953,-0.029281962,0.101086
15,0,100000,0,0,100000,0,0.426207,0.089095838,0.365634,0.202049,0.337242,0.25162812,0.383802,-0.118077,-0.330953607,-0.253047
16,0,100000,0,0,100000,0,-0.199518,-0.457184,-0.370614,0.314033,0.23558,0.350411,0.250255,0.14741,-0.261362,-0.020208
17,0.1303,29.6752,0.0128,67.817,25.577,10.2037,0.3893736,-0.226041,0.345018,0.399317,0.329518,0.201752,0.239769,-0.1099538,0.27245,-0.416585
18,0.0874,1466.0411,0.0032,4.7081,1558.5835,-27.0141,-0.273252,-0.384853,-0.143699,0.332926,0.367091,0.215022,0.389812,0.451965,0.217684,0.055373
19,0,100000,0,0,100000,0,0.346969,-0.459503,0.167929,0.228722,0.2985174,0.294879,0.398729,-0.402012,-0.190555,-0.424445
20,0.045,24.8868,0.0022,100.6082,30.5514,20.7667,-0.126588,0.725182178,-0.44252,0.367565,0.256262,0.226600538,0.342389,0.340475,-0.014654641,0.182988
21,0.0951,2228.1646,0.0021,7.946,1723.7164,-46.0897,0.245648,-0.444211,0.464102,0.354734,0.325102,0.221808,0.264083,0.132418,0.101578,-0.272539
22,0.0942,105.3426,0.0057,33.1375,115.5853,-16.4906,0.426001,0.006217,-0.137414,0.285887,0.2266155,0.295806,0.296343,-0.463984,0.223386,0.309308
23,0.0462,101.1439,0.0033,28.1953,104.0188,-13.7985,-0.481016,-0.054637,-0.208537,0.29377,0.2133153,0.346179,0.232398,-0.427076,0.488524,0.166539
24,0,100000,0,0,100000,0,0.354223,0.296382,0.17992,0.383895,0.323244,0.319498,0.354481,0.43637,0.195029,-0.301968
0,0,100000,0,0,100000,0,0.1708413,-0.36291,0.352909,0.256452,0.285606,0.220428,0.338502,-0.310851,-0.024223,-0.488176
1,0.1822,42.5085,0.0123,79.8786,41.2566,-14.8866,-0.465445,-0.410513722,0.03988,0.324445,0.321655,0.250847,0.272297,-0.476642,-0.29097306,-0.190031
2,0,100000,0,0,100000,0,0.064888,0.214621,-0.26127659,0.27734,0.213265,0.207178,0.228017,0.261696,0.351854,-0.244773753
3,0,100000,0,0,100000,0,-0.468592,-0.076699,-0.129064,0.331794,0.259108,0.219384,0.2262276,-0.121648,-0.346682,-0.351975
4,0.1821,437.8531,0.0142,8.0707,341.7559,-13.2746,-0.09156,-0.460004,-0.289441,0.255725,0.2310498,0.304748,0.27413,-0.29105,0.04798,0.063321
5,0.1349,874.8339,0.0045,13.0668,640.5547,-30.11,0.244319,0.397289,-0.18297981,0.33349,0.364126,0.33546,0.22997682,0.361806,-0.226329,-0.26221401
6,0.1867,67.8857,0.0151,28.2958,88.6838,12.5281,0.127374,0.494434,0.13675,0.257759,0.302928,0.353517,0.272044,0.289551,-0.24546,-0.304064
7,0.0855,92.3785,0.0086,14.4971,115.5399,10.025,-0.130359,1.566971801,0.194045,0.391338,0.345531,0.218839727,0.358457,0.387428,-0.002700461,0.436873
8,0.0929,903.0499,0.0042,5.3604,1080.451,22.375,0.279161,0.486918,0.385597,0.248065,0.320027,0.298225,0.363894,-0.033581,-0.205522,-0.064109
9,0,100000,0,0,100000,0,-0.42333995,0.344636,-0.043253,0.256828,0.340538,0.357825,0.287771,0.0703593,0.110076,-0.467369
10,0.1699,93.1866,0.0164,20.6041,91.4139,-10.6505,0.065811,-0.441589,-0.474767,0.329108,0.326606,0.303345,0.374254,-0.067704,-0.187311,0.085323
11,0.0512,64.7598,0.0018,128.0619,63.3468,-29.337,0.159774,0.530171213,-0.401015,0.20878,0.240599,0.22878936,0.251203,-0.099443,-0.008255297,0.153472
12,0.1402,79.8428,0.0137,21.7205,81.97,-10.3413,0.232032,0.230469,-0.129361,0.296413,0.227123,0.242109,0.364822,-0.26093,-0.007622,0.071665
13,0.1343,57.414,0.0106,54.2027,46.312,-12.5307,-0.163899,0.251713,0.421079,0.347787,0.396806,0.249913,0.256448,-0.132327,-0.326284,-0.080668
14,0.0905,185.5014,0.0088,8.2976,219.092,10.4538,0.491563,-0.09238655,-0.027775,0.265007,0.379643,0.255473676,0.330107,-0.081371,-0.345465,0.059466
15,0,100000,0,0,100000,0,-0.023356,0.086659,0.493994,0.355503,0.2398401,0.322625,0.221152,-0.104624,0.312915,-0.200723
16,0,100000,0,0,100000,0,-0.127602,0.957182191,-0.064748,0.332275,0.306359,0.204228,0.349768,0.088684,-0.10028957,0.029557
17,0,100000,0,0,100000,0,-0.183012,-0.00105,0.254411,0.217054,0.204851,0.351803,0.348261,0.028789,0.25592,-0.260484
18,0.134,286.9366,0.0095,17.69,180.7362,-14.5917,-0.073254,0.310937,0.167564,0.370933,0.3204549,0.224887,0.312095,-0.152536,0.071651,0.1774
19,0,100000,0,0,100000,0,-0.034513,-0.13467485,0.133319,0.210089,0.214974,0.2988612,0.317477,0.398351,-0.2615571,-0.147786
20,0.0499,3900.7584,0.0007,6.842,3323.9859,-73.2279,-0.394404,0.305058,-0.117917,0.224474,0.289557,0.307898,0.23535,0.417214,0.308743,-0.49656
21,0.2716,395.8208,0.0188,9.3931,333.8401,14.4074,0.008356,-0.205656,-0.17412813,0.330575,0.271108,0.374906,0.2641167,0.389782,-0.078596,-0.25150014
22,0.0432,148.2923,0.0041,12.8541,158.6394,-11.1175,-0.362786,-0.1374973,0.106447,0.22875,0.39815,0.247968402,0.304741,-0.3251106,-0.1383075,0.077476
23,0,100000,0,0,100000,0,-0.182661,0.238868,0.397165,0.216529,0.2219634,0.255654,0.252734,-0.018793,0.473553,-0.091257
24,0,100000,0,0,100000,0,0.315667,-0.186392481,-0.066546,0.386368,0.209757,0.212157743,0.383857,0.218193,-0.074085258,0.255507
0,0,100000,0,0,100000,0,0.03258,0.046079,0.018244,0.328743,0.299752,0.373637,0.211408,0.027453,-0.292259,0.087658
1,0,100000,0,0,100000,0,0.056882,-0.020245,0.305218,0.396102,0.242255,0.205531,0.323711,0.027871,0.248506,0.075209
2,0.0479,77.7204,0.0035,39.4066,73.5909,-13.6999,0.113998,-0.395544,-0.23170455,0.290981,0.231523,0.219548,0.264673656,-0.122882,-0.148721,-0.2381157
3,0.0978,173.6654,0.0065,18.8276,180.3446,15.1864,0.133006,0.069927,-0.31689,0.226489,0.393658,0.228314,0.23895,0.240747,0.187981,0.316506
4,0,100000,0,0,100000,0,0.37935,0.252606,-0.033624,0.371122,0.213985,0.236102,0.223632,-0.082766,0.037356,0.270557
5,0,100000,0,0,100000,0,-0.292391,-0.127155,0.084701,0.245859,0.345812,0.302822,0.212708,0.252993,-0.324239,-0.200716
6,0,100000,0,0,100000,0,-0.253457,-0.097591505,0.087491,0.347459,0.282977,0.2185695,0.335032,0.273136,-0.018900926,0.293292
7,0,100000,0,0,100000,0,-0.217394,0.165809,0.105922,0.23874,0.311791,0.296919,0.33268,0.129596,-0.284396,-0.281505
8,0,100000,0,0,100000,0,-0.035902,0.07219275,-0.164711,0.205946,0.283246,0.37505,0.245874,0.393585,-0.3024774,-0.150328
9,0,100000,0,0,100000,0,0.201343,-0.111971402,0.115776,0.354729,0.369879,0.219103939,0.324251,0.138144,-0.086535601,0.188875
10,0.0456,2330.5235,0.0007,8.852,2360.7612,-67.6926,0.167219,-0.200424,-0.269744,0.33646,0.232096,0.382699,0.255183,0.14988,-0.017166,-0.014591
11,0.2375,22.6905,0.02,73.9815,31.3157,11.9503,0.144237,0.952852255,-0.228488,0.226771,0.320619,0.227055215,0.282387,-0.056806,-0.004199516,0.284095
12,0,100000,0,0,100000,0,0.15981,-0.212545,0.147734,0.268258,0.2270682,0.256353,0.271192,0.052764,0.296827,-0.021854
13,0,100000,0,0,100000,0,-0.190114,0.37043,-0.154399,0.385389,0.368003,0.355337,0.24691473,-0.1853687,0.383901,-0.225682
14,0.0959,321.621,0.0081,5.958,400.0375,12.1503,0.330612,-0.303535,0.14096,0.295148,0.308617,0.218861,0.347151,0.38642,-0.081623,-0.252748
15,0,100000,0,0,100000,0,0.0547124,0.452292844,-0.311889,0.266266,0.32715,0.24585576,0.244528,-0.3381039,-0.074563335,0.025189
16,0.174,54.6376,0.0161,23.5158,86.7715,11.1215,0.29148105,-0.362087,0.134953,0.240869,0.38693,0.376884,0.371778,0.3776597,0.278687,-0.145947
17,0,100000,0,0,100000,0,-0.126642,-0.373391,-0.239985,0.353639,0.215579,0.272369,0.204335,0.275688,0.348021,0.345126
18,0,100000,0,0,100000,0,0.008081,0.219882,-0.010062,0.302694,0.397113,0.260366,0.208588,0.187836,-0.264511,-0.095964
19,0.0936,177.9485,0.0059,24.8406,143.5168,-15.6951,-0.177496,-0.168132,-0.215703,0.28006,0.366756,0.366609,0.21557178,0.252783,0.371508,-0.31337766
20,0,100000,0,0,100000,0,0.19246,-0.230436,0.157498,0.218009,0.347698,0.229873,0.389403,0.183386,-0.201431,-0.364175
21,0.0949,139.0655,0.0084,14.6188,144.8184,11.3512,0.266621,-0.092312,-0.28258,0.243397,0.291429,0.339257,0.274077,-0.003065,-0.310636,-0.206018
22,0,100000,0,0,100000,0,-0.00768,-0.117215,-0.358538,0.371907,0.283178,0.22175,0.296252,0.051863,0.204436,0.352506
23,0.0449,30413.2639,0.0007,0.5826,32164.789,61.2216,0.025164,-0.091112805,-0.088021,0.291924,0.211064,0.346553,0.279815,0.035883,-0.31392441,0.192351
24,0.129,128.8934,0.013,12.3647,137.087,-10.0851,0.010615,-0.323597693,0.184474,0.322034,0.3559266,0.3120264,0.345497,-0.148613,-0.08833455,-0.11909
0,0,100000,0,0,100000,0,0.48536985,-0.274211,0.352882,0.219125,0.215443,0.307155,0.302395,0.2595593,0.377654,0.173452
1,0.1792,258.334,0.0125,10.6179,281.6266,-13.9708,0.413257,-0.004905,0.053909,0.242403,0.2720493,0.398971,0.315113,-0.34659,0.158642,-0.078991
2,0.2132,355.6417,0.0107,18.6774,261.378,-19.6456,-0.044605,-0.420908,0.435455,0.35671,0.2731284,0.306134,0.323583,0.097998,0.206946,0.01866
3,0,100000,0,0,100000,0,0.151094,-0.044173,0.389571,0.294853,0.24621,0.24663,0.219933,-0.004241,0.206648,0.167826
4,0.1862,479.2443,0.0124,4.6523,718.2829,15.0249,0.2298513,0.043374,0.373835,0.317149,0.291078,0.326439,0.243773,-0.4093767,-0.1635,-0.344761
5,0.0472,2032.9321,0.0016,3.6815,2261.2493,29.9741,0.4742,0.075482,0.137883,0.251726,0.26666,0.204855,0.32371,0.019969,0.119677,0.055879
6,0.0449,320.4126,0.0044,5.8396,287.4037,-10.035,-0.396146,-0.031778,0.412955,0.210779,0.2554056,0.3176406,0.315103,-0.251244,0.025311,0.032835
7,0.1305,38.335,0.0118,52.7333,36.0725,-10.7067,-0.343006,-0.146983857,-0.091317,0.286908,0.3485664,0.25978401,0.295146,-0.449912,-0.20038752,0.334985
8,0,100000,0,0,100000,0,0.426169,0.16076,-0.206933284,0.323825,0.304548,0.239398,0.3554649,0.195539,0.115216,-0.099639283
9,0.1753,339.1905,0.0098,11.1662,393.4939,18.1815,0.378915,0.257756,-0.471167,0.316399,0.392331,0.342536,0.257515,0.44844,0.416628,0.159377
0,0,100000,0,0,100000,0,-0.364288,0.27846,-0.159789,0.315579,0.3323565,0.311963,0.308879,0.173274,0.419291,0.257569
1,0,100000,0,0,100000,0,0.289502,0.996802062,-0.150002,0.372294,0.238399,0.2292633,0.247005,0.330189,-0.004604238,0.317569
2,0.1842,57.0477,0.0153,58.2192,42.4433,-12.413,0.0306201,-0.277045,-0.12944205,0.343803,0.213464,0.364335,0.221969,-0.4104081,-0.242805,-0.35167932
3,0,100000,0,0,100000,0,0.299278,-0.069683,-0.1180764,0.208871,0.354702,0.309698,0.339079,0.042851,-0.458815,-0.4217634
4,0.0442,117.6213,0.0043,14.581,128.3019,-10.6123,-0.069708,0.239602,-0.030163,0.321432,0.227303,0.277049,0.370907,-0.072356,0.160841,0.244497
5,0.1319,503.0676,0.0082,6.9252,513.1794,15.6616,0.370774,0.286841,0.449297,0.379526,0.236324,0.248578,0.360525,0.218575,0.2322,0.241513
6,0.1679,187.2177,0.0141,12.3761,182.5352,-11.7772,0.49028805,-0.105244,0.059852,0.365258,0.373066,0.208371,0.341802,-0.2810412,-0.208853,0.094246
7,0.0973,12.2941,0.0073,201.4972,14.176,-13.5693,-0.255274,-0.286989,0.292964,0.230563,0.293113,0.25347,0.20386,-0.489206,-0.189169,-0.301198
8,0.0459,172.6685,0.0034,17.285,171.1279,-13.8738,-0.0521341,0.359292,0.220807,0.21047,0.300799,0.262201,0.348543,-0.2111428,0.423618,0.080552
9,0,100000,0,0,100000,0,0.318861,0.229545,0.461793,0.378482,0.217825,0.276824,0.239371,-0.161922,0.43196,0.01757
0,0.0428,2052.8538,0.0012,5.6371,1919.4775,-37.4611,-0.252937,0.057479,-0.04808,0.388678,0.285875,0.39491,0.2456541,0.293171,0.090017,-0.335937
1,0.0409,263401.9684,0.0002,0.264,276790.7545,-224.2131,0.435967,-0.0603497,-0.03401,0.393845,0.3104352,0.373238,0.347099,-0.0824,0.0653367,0.305424
2,0.0474,124.1456,0.003,33.5486,102.7881,-15.3452,-0.36909305,0.497977,-0.30344625,0.29834,0.30084,0.21201,0.215555,-0.3960583,0.140629,-0.22822884
3,0,100000,0,0,100000,0,-0.016197,-0.403636,-0.300947,0.350693,0.2973465,0.299526,0.277107,0.271743,0.343138,0.458687
4,0,100000,0,0,100000,0,-0.0919695,-0.170588438,0.493494,0.210991,0.360903,0.231062674,0.229237,-0.4074675,0.040137726,0.18595
5,0.1358,261.2235,0.0113,10.866,225.7538,-12.3591,0.147827,0.385764,0.441884,0.325538,0.281011,0.21785,0.376257,0.160941,0.007425,-0.099122
6,0.0974,8.7572,0.0098,140.8256,12.9456,10.4692,0.071044,0.128675,0.237274,0.202398,0.21001,0.258763,0.247688,0.103917,-0.012759,0.246943
7,0.0466,16272.3349,0.0004,2.7289,15077.2035,-128.4326,-0.4082226,-0.13529995,0.065742,0.268809,0.361424,0.222747408,0.335177,-0.3909609,0.0264143,0.307693
8,0.0969,51.2404,0.0078,55.6314,43.6386,-12.283,0.115717,0.043201,0.198624,0.270595,0.242746,0.233704,0.259535,-0.48201,0.060983,0.012725
9,0,100000,0,0,100000,0,0.212922,-0.000499,-0.090866,0.290348,0.338206,0.294381,0.24673,0.246254,0.17101,0.18058
